:020000040800F2
:10000000E814002065010008F1100008410E000806
:10001000ED10000801090008851F0008000000001D
:10002000000000000000000000000000A91C000803
:10003000B50D000800000000A51C0008011D000807
:100040007F0100087F0100087F0100087F01000890
:100050007F0100087F0100087F0100087F01000880
:100060007F0100087F0100087F010008250A0008C1
:100070007F0100087F0100087F0100087F01000860
:100080007F0100087F0100087F01000800000000D8
:100090000000000000000000000000007F010008D8
:1000A0007F0100087F0100087F0100087F01000830
:1000B0007F010008D11E00087F0100087F010008B1
:1000C0007F0100087F0100087F0100087F01000810
:1000D0007F0100087F0100087F0100087F01000800
:1000E000B90D00087F010008411F00087F010008CA
:1000F0007F0100087F0100087F0100080000000068
:100100007F010008000000007F0100087F01000857
:100110007F0100087F010008D91E00087F01000848
:100120007F0100087F0100087F0100087F010008AF
:100130007F01000800000000000000000000000037
:10014000000000000000000000000000311F000857
:10015000DFF80CD000F09EFB00480047414B000840
:10016000E81400200648804706480047FEE7FEE7FF
:10017000FEE7FEE7FEE7FEE7FEE7FEE7FEE7FEE757
:10018000191D00085101000840EA01039B0703D034
:1001900009E008C9121F08C0042AFAD203E011F8C6
:1001A000013B00F8013B521EF9D27047D2B201E088
:1001B00000F8012B491EFBD270470022F6E710B56C
:1001C00013460A4604461946FFF7F0FF204610BDC5
:1001D000034611F8012B00F8012B002AF9D118462B
:1001E00070472DE9FE4F804681EA0300C00F0C46A0
:1001F000009021F0004123F00045B8EB0200A94136
:1002000005D24046214690461C460B46024623F046
:100210000040104347D0270DC7F30A00C3F30A512B
:100220000290401A019040286BDAC3F3130040F4A7
:10023000801B0098924620B10023D2EB030A63EBA7
:100240000B0B01985946C0F14002504600F007FAE6
:1002500006460D4650465946019A00F01FFA10EB2B
:1002600008006141002487EA115284EAE7731A43C7
:1002700040D0009A62B3019A012A4FEA075215DC76
:10028000001B61EB02014FF0004202EA0752CDE988
:100290000042001C41F5801132462B4600F01FFA47
:1002A00003B0BDE8F08F40462146F9E7001B61EB43
:1002B0000201001C41F5801300185B412018A2F5D3
:1002C000001747EB030140EAD570B6196D4111E004
:1002D0006D084FEA360645EAC0754FEA0752001B23
:1002E00061EB0201001C41F5801149084FEA300022
:1002F0000019514132462B4603B0BDE8F04F00F0E3
:10030000DFB90098012240000023D0EB020263EB2A
:10031000E073009821464FEAE074B8EB000061EB0F
:100320000401E9E783F000435BE781F0004158E70F
:100330002DE9FE4F81EA030404F0004421F000415E
:1003400000944FF0000B23F0004350EA01045ED00C
:1003500052EA03045BD0C3F30A54C1F30A552C4498
:10036000A4F2F3340194A0FB0254C1F3130141F44D
:100370008011C3F3130343F4801301FB024400FB19
:10038000034E840A970A44EA815447EA8357A4FB40
:10039000076802958D0A05FB07854FEA932C04FB3D
:1003A0000C542705029D4FEA065847EA1637B5EB6D
:1003B00008056EEB070C870E920E47EA811742EA9A
:1003C0008312A7FB0201B6EB0B0164EB00042B0DBB
:1003D00043EA0C335E1844EB1C50DA465146E7FB07
:1003E0000201C5F313044FEA0B3343EA14534FEAF7
:1003F0000432019C43EA0603A4F10C040294009C1D
:10040000CDE900B400F06BF903B0BDE8F08F002037
:100410000146F9E72DE9F04D81EA030404F0004BB1
:1004200021F0004514464FF0000A23F0004150EA45
:10043000050220D054EA01021DD0C5F30A57024636
:10044000C5F31303C1F31300C1F30A5640F480153A
:1004500043F48013A7EB0608101BD64608F2FD38BC
:1004600073EB050002D308F1010801E092185B412B
:10047000B8F1000F03DA00200146BDE8F08D00203E
:100480004FF48011064684460EE0171B73EB0507F8
:1004900005D3121B63EB050306434CEA010C490824
:1004A0004FEA300092185B4150EA0107EDD152EA61
:1004B000030012D082EA040083EA0501084305D054
:1004C000101BAB4106D20122002306E000224FF0B0
:1004D000004302E06FF0010253101AEB06004CEBF0
:1004E000085110EB0A0041EB0B01BDE8F04D00F0A4
:1004F000E7B830B5041E71F1000404DB4FF000448E
:10050000404264EB0101141E73F1000405DB1C463C
:100510004FF00043524263EB0403101A8B4101D2A7
:10052000012030BD002030BD30B5041E71F1000443
:1005300004DB4FF00044404264EB0101141E73F1F0
:10054000000405DB1C464FF00043524263EB0403FA
:10055000101A8B4101D3012030BD002030BD0EB5F3
:1005600040F2334102910021CDE900110A460B46C9
:1005700000F0B5F803B000BDC1F30A5210B5C1F3E5
:10058000130140F2FF3341F480119A4201DA002056
:1005900010BD40F233439A42A2F2334203DC52428E
:1005A00000F06CF810BD904010BD00F0004230F03B
:1005B00000400AD0C10D01F56071C0F3160042EA97
:1005C0000151C2084007114370470020014670479F
:1005D00030B50B46014600202022012409E021FA13
:1005E00002F59D4205D303FA02F5491B04FA02F510
:1005F0002844151EA2F10102F1DC30BD2DE9F05FA7
:100600000546002092469B46884606468146402481
:100610001BE0284641464746224600F02FF8534645
:100620005A46C01A914110D311461846224600F08E
:1006300016F82D1A67EB01084F46224601200021CB
:1006400000F00DF817EB00094E41201EA4F1010443
:10065000DFDC484631462A464346BDE8F09F202A63
:1006600004DB203A00FA02F1002070479140C2F109
:10067000200320FA03F3194390407047202A04DB3B
:10068000203A21FA02F00021704721FA02F3D0400B
:10069000C2F120029140084319467047202A06DB28
:1006A000CB17203A41FA02F043EAE07306E041FA40
:1006B00002F3D040C2F1200291400843194670472E
:1006C00010B5141E73F1000408DA401C41F100015A
:1006D00092185B411A4301D120F0010010BD2DE9B1
:1006E000F04D92469B4611B1B1FA81F202E0B0FAA8
:1006F00080F220329046FFF7B2FF04460F4640EAF0
:100700000A0041EA0B0153465A46084313D01146EA
:1007100053EA010019D0C8F140025046FFF7AEFF7E
:1007200005460E46504659464246FFF798FF084395
:1007300005D0012004E020463946BDE8F08D0020B8
:10074000054346EAE0762C4337430A986305E40AFA
:10075000A0EB08000022FD0A44EA47540A3002D503
:1007600000200146E9E7010510196941DDE9084566
:1007700000196941BDE8F04DA2E700002DE9F04104
:10078000054621F000400C46284309D0C4F30A5026
:1007900040F23341884205DD28462146BDE8F0811C
:1007A0002846FBE740F2FE31884210DC0CDB4FEAC2
:1007B000043040EA155050EA053105D0104804F0E5
:1007C000004101430020E9E700200146E6E7A0F2EE
:1007D00033404642C6F1400228462146FFF73FFF1C
:1007E00007468846284621463246FFF747FF4346DC
:1007F0003A46FFF765FF3246BDE8F041FFF72FBFED
:100800000000F03FC1F30A52C1F3130140F2FF337D
:1008100041F480119A4202DA00200146704740F20A
:1008200033439A42A2F2334202DC5242FFF726BF20
:10083000FFF715BF30B5041E71F1000404DB4FF063
:100840000044404264EB0101141E73F1000405DB17
:100850001C464FF00043524263EB04038B4208BF37
:10086000824230BD30B5041E71F1000404DB4FF04C
:100870000044404264EB0101141E73F1000405DBE7
:100880001C464FF00043524263EB0403994208BFF9
:10089000904230BD1CB509480090094801900546BA
:1008A000009C06E0E06840F0010394E807009847E8
:1008B0001034AC42F6D3FFF74FFC0000DCA7000871
:1008C000FCA7000830B58C1810F8012B12F00F03AC
:1008D00001D110F8013B120906D110F8012B03E0F9
:1008E00010F8015B01F8015B5B1EF9D101E001F832
:1008F000013B521EFBD1A142E6D3002030BD0000D7
:10090000FFE7FEE740F28001C2F200010020C4F2DE
:10091000401088604FF07C50C8600022C4F2B012D2
:100920000A6148610A2088764FF4006008834EF619
:10093000BA00C4F2BE20C86191ED071AB7EE000AF2
:1009400080EE011A81ED091A91F91A0001EE100AE0
:10095000B8EEC12A9FED311A81EE021A9FED302ABE
:1009600021EE021A81ED0A1A91ED0A1A80EE010AAF
:1009700081ED080A91ED020A91ED071A91ED133A03
:1009800091ED142A20EE030A30EE020A20EE010A4D
:10099000BDEEC00A10EE100A088091ED030A91ED39
:1009A000082A91ED0D3A91ED0E1A20EE030A30EE71
:1009B000010A088B01EE100AB8EEC11A20EE020AF5
:1009C00030EE010ABDEEC00A10EE100A488091ED2B
:1009D000040A91ED071A91ED113A91ED122A20EED9
:1009E000030A30EE020A20EE010ABDEEC00A10EE44
:1009F000100A8880088B00EE100AB8EEC00A91ED4C
:100A0000051A91ED082A21EE021A30EE410ABDEED8
:100A1000C00A10EE100AC880704700BF9AD9CC37C0
:100A200000007A4480B58EB00020C4F2020000219C
:100A3000022202F073FD002800F0B581FFE740F6C6
:100A40000000C4F201004FF4806103F089F840F225
:100A50008061C2F200010A8840F2E800C2F20000A0
:100A6000C2848A8802844A888284CA884284098926
:100A7000C183808C40F28001C2F20001098B884260
:100A800012DDFFE740F2E800C2F20000808C40F285
:100A90008001C2F20001098B401A00EE100AB8EE84
:100AA000C00A8DED0A0A11E040F28000C2F2000097
:100AB000008B40F2E801C2F20001898C401A00EE7E
:100AC000100AB8EEC00A8DED0A0AFFE79DED0A0A8A
:100AD0008DED0D0A9DED0D0A40F28001C2F200017C
:100AE00091ED0A1A20EE010A40F2E800C2F200007D
:100AF00080ED030A008C098B884212DDFFE740F28B
:100B0000E800C2F20000008C40F28001C2F2000155
:100B1000098B401A00EE100AB8EEC00A8DED090AE2
:100B200011E040F28000C2F20000008B40F2E801C8
:100B3000C2F20001098C401A00EE100AB8EEC00A99
:100B40008DED090AFFE79DED090A8DED0C0A9DED7B
:100B50000C0A40F28000C2F2000090ED0A1A20EE6A
:100B6000010A40F2E800C2F2000080ED020A90EDB6
:100B7000000A9FED8E1AB4EE410AF1EE10FA07DA80
:100B8000FFE740F2E801C2F2000100200860FFE741
:100B900040F2E800C2F2000090ED010A9FED831AD6
:100BA000B4EE410AF1EE10FA07DAFFE740F2E8018D
:100BB000C2F2000100204860FFE740F2E800C2F204
:100BC0000000C08C40F28001C2F20001098B401A83
:100BD00001280DDBFFE740F2E800C2F20000C08C04
:100BE00040F28001C2F20001098B401A08900CE02B
:100BF00040F28000C2F20000008B40F2E801C2F235
:100C00000001C98C401A0890FFE7089800EE100A0E
:100C1000B8EEC00A8DED0B0A9DED0B0A40F2800183
:100C2000C2F2000191ED0A1A20EE010A40F2E8003A
:100C3000C2F20000079080ED040A428C00EE102AF8
:100C4000B8EE401A91ED094A90ED032A90ED040A9E
:100C50009FED573A22EE032A21EE041A31EE021AD2
:100C600020EE030A30EE010A80ED010A90ED010A40
:100C700091ED132A91ED141A20EE020A30EE010ACA
:100C800080ED010AC28B00EE102AB8EE400A91ED09
:100C9000092A90ED021A21EE031A20EE020A30EE24
:100CA000010A80ED000A40F6B420C2F20000C078CC
:100CB00078BBFFE740F6B420C2F200000490417810
:100CC00040F2E800C2F20000059090ED010A40F603
:100CD000B840C2F20000069007F0DEFE0499059AC3
:100CE0000698497892ED000A07F068FF0499059A82
:100CF0000698497892ED030A08F084F80499059A59
:100D00000698497892ED010AD2ED030A08F0F4F84A
:100D10002EE040F6B420C2F200000190417840F28B
:100D2000E800C2F20000029090ED000A40F6B840E0
:100D3000C2F20000039007F0AFFE0199029A0398F7
:100D4000497892ED010A07F039FF0199029A039858
:100D5000497892ED020A08F055F80199029A039831
:100D6000497892ED000AD2ED020A08F0C5F8FFE7D3
:100D700040F6B420C2F200008078C00718B1FFE747
:100D800000F060F8FFE740F60000C4F201004FF405
:100D9000806102F0DDFE0020C4F202000021012289
:100DA00002F0AAFBFFE70EB080BD00BFACC527373D
:100DB0000AD723BC7047000080B54FF4004002F012
:100DC000A5FDD8B3FFE740F26020C2F20000017831
:100DD00001310170007801282BD1FFE740F260213A
:100DE000C2F200010020087040F60040C4F2010089
:100DF0004FF4804103F0A0F868B1FFE740F2E4004F
:100E0000C2F20000028840F2E001C2F2000108686C
:100E1000104408600CE040F2E400C2F200000288D6
:100E200040F2E001C2F200010868801A0860FFE7A2
:100E3000FFE74FF4004002F05FFDFFE780BD0000D8
:100E4000FFE7FEE780B592B000201190109040F6C9
:100E5000B420C2F20000C078002840F0A180FFE773
:100E600040F6B420C2F20000007900284DD1FFE71F
:100E700040F28000C2F2000090ED020A90ED132AC9
:100E800090ED141A20EE020A30EE010A8DED0E0AE2
:100E90009DED0E0A40F2E800C2F200000990D0ED8C
:100EA000010A40F64440C2F200009FED8E1A8DED1B
:100EB0000A1A08F0C7F809989DED0A1A8DED100A74
:100EC0009DED100AD0ED040A40F61830C2F2000081
:100ED00008F0B8F88DED110A9DED110ABDEEC00ABB
:100EE00010EE101A40F23010C2F200000C90818017
:100EF000818800220B9202F0B3FB0B9902460C98FA
:100F00008280808802F092FB49E040F6B420C2F271
:100F100000000079012841D1FFE740F28000C2F2D1
:100F2000000090ED030A40F2E800C2F200000590D4
:100F3000D0ED030A40F69030C2F200009FED691A2E
:100F40008DED061A08F07EF805989DED061A8DEDD8
:100F50000D0A9DED0D0AD0ED040A40F61830C2F2DC
:100F6000000008F06FF88DED110A9DED110ABDEE3D
:100F7000C00A10EE101A40F23010C2F200000890C1
:100F8000818081880022079202F06AFB079902465D
:100F900008988280808802F049FBFFE7FFE79EE027
:100FA00040F6B420C2F20000C078012840F09680DC
:100FB000FFE740F6B420C2F200000079002852D1C9
:100FC000FFE740F28000C2F20000039090ED040AB7
:100FD00040F2E800C2F200000190D0ED000A40F6B5
:100FE000CC30C2F200009FED3F1A8DED021A08F0DE
:100FF00029F801989DED021A8DED100A9DED100A59
:10100000D0ED040A40F6DC20C2F2000008F01AF825
:101010008DED110A9DED110ABDEEC00A10EE101AF9
:1010200040F23010C2F200000490012202F018FBDE
:10103000039902460498C280C28800EE102AB8EED6
:10104000C00A91ED0B1A30EE011A9FED270A30EE1F
:10105000410ABDEEC00A10EE101AC180C0880021FE
:1010600002F0E4FA39E040F6B420C2F20000007960
:10107000012831D1FFE740F28000C2F2000090ED7C
:10108000050A40F2E800C2F20000D0ED020A40F684
:101090005430C2F200009FED131A07F0D3FF8DED1C
:1010A000110A9DED110ABDEEC00A10EE101A40F2B1
:1010B0003010C2F200000090012202F0D1FA014685
:1010C0000098C180C28840F6C411891AC180C088C6
:1010D000002102F0ABFAFFE7FFE7FFE7FFE712B0FE
:1010E00080BD00BF17B7D13700401C45FFE7FEE7C2
:1010F000FFE7FEE781B08DF803009DF9031001F0D2
:101100001F02012090404A094EF20011CEF2000168
:1011100041F8220001B0704788B00790069105920F
:10112000079800F0070004900498C0F10700052814
:1011300003D3FFE70420019004E00498C0F1070006
:101140000190FFE70198039004980430062803D823
:10115000FFE70020009003E0049803380090FFE7C9
:101160000098029006980399012202FA01F10139D0
:101170000840029B984005999A40013A1140084363
:1011800008B070474EF60C50CEF200000068C0F375
:101190000220704782B08DF8070000919DF907008A
:1011A000B0F1FF3F0CDCFFE7009800019DF807104D
:1011B00001F00F014EF61452CEF20002885409E0FD
:1011C000009800019DF907104EF20042CEF2000295
:1011D0008854FFE702B0704782B08DF80700009195
:1011E0009DF90700B0F1FF3F0CDCFFE7009800011C
:1011F0009DF8071001F00F014EF61452CEF20002D6
:10120000885409E0009800019DF907104EF2004251
:10121000CEF200028854FFE702B0704781B0002090
:101220008DF80200FFE79DF80200072823DCFFE7A6
:1012300000208DF80300FFE79DF803007F2813DCF2
:10124000FFE79DF8021040F26C20C2F2000000EBB4
:10125000C1119DF8032000208854FFE79DF803008A
:1012600001308DF80300E7E7FFE79DF80200013049
:101270008DF80200D7E701B07047000083B0ADF8E9
:101280000A00ADF808108DF807208DF80630BDF87B
:101290000800ADF80200FFE7BDF90200BDF9081033
:1012A0009DF80620114488424ADAFFE7BDF80A009B
:1012B000ADF80400FFE7BDF90400BDF90A109DF880
:1012C00007201144884234DAFFE7BDF90400002802
:1012D00028D4FFE7BDF904007F2823DCFFE7BDF930
:1012E000020000281ED4FFE7BDF902003F2819DCE8
:1012F000FFE7BDF9020000EB507121F00702821AEE
:10130000012000FA02F36FF0700000EA011140F2D0
:101310006C20C2F200000144BDF90420885C9843AF
:101320008854FFE7FFE7BDF804000130ADF8040082
:10133000C1E7FFE7BDF802000130ADF80200ABE7FE
:1013400003B0704780B582B000F0ECFB642001F080
:1013500033FF0020019000F061FB1420009001F0A9
:101360002BFF012000F05AFB009801F025FF0198A7
:1013700000F08EF802B080BD83B002900191012090
:101380000090FFE70198411E019128B1FFE7029903
:10139000009848430090F5E7009803B070470000BC
:1013A00080B5C6B0ADF81601ADF814118DF8132153
:1013B000439348A802904399029A03A8019007F02A
:1013C00013FF019ABDF91601BDF914119DF81331EF
:1013D00000F09EFA46B080BD80B582B08DF807005F
:1013E0008DF806109DF8070040F0B00000F030FBCB
:1013F0009DF806000009103000F02AFB9DF8060059
:1014000000F00F0000F024FB02B080BD80B584B076
:10141000ADF80E00ADF80C108DF80B208DF80A30E9
:101420009DF80A00082815D1FFE7BDF90E00BDF9A7
:101430000C109DF80B3049F60A62C0F6000202EB70
:101440000312A2F500726B461A600822102300F006
:101450002FF91BE09DF80A00062816D1FFE7BDF919
:101460000E00BDF90C109DF80B2002EB420349F66B
:10147000D032C0F6000202EB4302C03A6B461A605B
:101480000622082300F014F9FFE7FFE704B080BD4F
:1014900080B584B08DF80F004AF2A100CCF2C800EC
:1014A0000290AE2000F0D4FAD52000F0D1FA8020CE
:1014B00000F0CEFAA82000F0CBFA3F2000F0C8FAE6
:1014C000D32000F0C5FA002000F0C2FA402000F05E
:1014D000BFFA9DF80F1002A80190405C00F0B8FA26
:1014E00001999DF80F000844807800F0B1FADA20E5
:1014F00000F0AEFA122000F0ABFA812000F0A8FA5A
:10150000CF2000F0A5FAD92000F0A2FAF12000F0D7
:101510009FFADB2000F09CFA302000F099FAA4201A
:1015200000F096FAA62000F093FA8D2000F090FAD1
:10153000142000F08DFAAF2000F08AFAFFF76EFE5B
:1015400000F012FA04B080BD80B58EB084461098C9
:10155000ADF836C0ADF834108DED0A0B8DF82720AC
:101560008DF826308DF825000A980B999FED4E0BCB
:1015700053EC102BFEF7BDFF50B9FFE7BDF9360065
:10158000BDF934109DF825302B22FFF73FFF17E0FF
:10159000BDF93600BDF934109DF825302D22FFF736
:1015A00035FF9DED0A0B8DED040B9DF8170080F0C3
:1015B00080008DF817009DED040B8DED0A0BFFE701
:1015C0009DED0A0B51EC100BFEF7D6FF0790079824
:1015D000FEF7C5FF41EC100B9DED0A1B51EC110B02
:1015E00053EC102BFEF79EFE41EC100B8DED0A0B19
:1015F0009DF826100A20FFF7BFFE08909DED0A0B0C
:101600008DED020B0898FEF7AAFF9DED021B41EC41
:10161000100B51EC110B53EC102BFEF789FE41EC33
:10162000100B07F0F5FD51EC100BFEF7A5FF06902F
:1016300006980899B0FBF1F1079808440790BDF8A7
:1016400036009DF825C06044BDF93410079A9DF816
:101650002730EE46CEF800C000B200F00BF9BDF81E
:1016600036109DF8270001309DF8253010FB03103F
:10167000BDF9341000B22E22FFF7C8FEBDF83610B7
:101680009DF8270002309DF825C010FB0C10BDF915
:101690003410069A9DF82630EE46CEF800C000B20F
:1016A00000F0E8F80EB080BD00000000000000006F
:1016B00080B584B0DDF818C0ADF80E00ADF80C10A0
:1016C0008DF80B208DF80A30002000908DF809006D
:1016D0008DF80800BDF90E00BDF90C109DF80B2027
:1016E0009DF80A30FFF7CAFD00988DF80800FFE763
:1016F0009DF808009DF80A10013901EB5172012193
:1017000001EBE201884280F2B280FFE700208DF811
:101710000900FFE79DF809009DF80B10884280F250
:101720009F80FFE7BDF90E009DF8091008440028CE
:1017300000F18F80FFE7BDF90E009DF80910084405
:101740007F2800F38680FFE7BDF90C0000EB5070A6
:10175000C008ADF80600BDF90C0000EB507121F097
:101760000701401AADF80400BDF90C00B0F1FF3FCD
:101770000BDCFFE7BDF806000138ADF80600BDF848
:1017800004000830ADF80400FFE7BDF906009DF83D
:1017900008100844002826D4FFE7BDF906009DF88C
:1017A0000810084407281EDCFFE706989DF808107B
:1017B0009DF80B309DF8092011FB0323C05CBDF997
:1017C000043000FA03F3BDF90600014440F26C2036
:1017D000C2F2000000EBC111BDF90E000244885CAA
:1017E00018438854FFE7BDF906009DF80810084427
:1017F000013000282CD4FFE7BDF906009DF8081041
:1018000008440130072823DCFFE706989DF80810FC
:101810009DF80B209DF8093011FB0232805CBDF968
:101820000420C2F1080220FA02F2BDF906000144C8
:1018300040F26C20C2F2000000EBC110BDF90E10A6
:101840001944014491F88000104381F88000FFE7BB
:10185000FFE7FFE79DF8090001308DF8090059E71F
:10186000FFE79DF8080001308DF8080040E704B05C
:1018700080BD000080B586B084460898ADF816C0DB
:10188000ADF8141004928DF80F308DF80E00002082
:101890008DF80D00FFE79DF80D009DF80F108842B0
:1018A00034DAFFE7BDF816209DF80D009DF80E1004
:1018B00010FB01210291BDF91410019104990091CE
:1018C0009DF80F10C04301440A20FFF755FD009A10
:1018D000019903460298B2FBF3F24CF6CD43CCF6E5
:1018E000CC43A2FB03C3DB0803EB8303A2EB43025D
:1018F00042F030029DF80E3000B2FFF787FDFFE79F
:101900009DF80D0001308DF80D00C4E706B080BDD4
:1019100080B584B0ADF80E00ADF80C1002928DF8D1
:10192000073000208DF80600FFE702989DF80610AA
:10193000405CB8B1FFE7BDF80E009DF806C09DF809
:1019400007301CFB0300BDF90C10029A12F80C20A2
:1019500000B2FFF75BFDFFE79DF8060001308DF850
:101960000600E2E704B080BD80B582B000208DF8AB
:101970000700FFE79DF80700072817DCFFE79DF841
:1019800007000021FFF728FD9DF8071040F26C20AA
:10199000C2F2000000EBC110802100F081F8FFE7E7
:1019A0009DF8070001308DF80700E3E702B080BD25
:1019B00080B582B08DF807009DF8070048B1FFE7B9
:1019C00040F60000C4F201004FF4004102F0C8F8F4
:1019D00008E040F60000C4F201004FF4004102F0BC
:1019E000B7F8FFE702B080BD80B582B08DF8070080
:1019F0009DF8070040B1FFE740F60040C4F2010047
:101A0000402102F0ADF807E040F60040C4F20100CA
:101A1000402102F09DF8FFE702B080BD80B582B0A2
:101A20008DF807009DF8070040B1FFE740F6004041
:101A3000C4F20100102102F093F807E040F60040E4
:101A4000C4F20100102102F083F8FFE702B080BD6C
:101A500080B582B08DF807000020FFF7C5FFFFE7D3
:101A600043F60040C4F20000022103F011FE08B961
:101A7000FFE7F5E79DF8071043F60040C4F20000C9
:101A800003F0C2FDFFE743F60040C4F200008021EE
:101A900003F0FEFD012801D1FFE7F4E702B080BDAD
:101AA00080B582B001908DF803109DF8030008B94D
:101AB000FFE735E00120FFF797FF00208DF80200D7
:101AC000FFE79DF802009DF80310884228DAFFE73F
:101AD000FFE743F60040C4F20000022103F0D8FD06
:101AE00008B9FFE7F5E701989DF80210415C43F65D
:101AF0000040C4F2000003F087FDFFE743F600401A
:101B0000C4F20000802103F0C3FD012801D1FFE7EA
:101B1000F4E7FFE79DF8020001308DF80200D0E7FE
:101B200002B080BD80B58EB040F2036003F0F0FBE0
:101B300040F20F7003F0ECFB40F2026003F0E8FBB0
:101B40004FF4C06003F0E4FB40F20020C0F230002C
:101B50000121069102F020FA40F60000C4F20100D3
:101B600018210391032202924FF4004302F022F95C
:101B7000029A039940F60040C4F201000190282324
:101B800002F018F90198029A1021502302F012F97C
:101B900043F60040C4F20000059003F03FFD0598B5
:101BA00003F0C8FD07A8049003F0CEFD039B049941
:101BB0000598002208924FF4827CCDF81CC009924F
:101BC0004FF0020CCDF830C00A920D930B9203F047
:101BD00077FD059803F00EFD0698FFF7E9FE0698DD
:101BE000FFF71CFF0698FFF7FFFE0EB080BD000058
:101BF00080B58AB009908DED080ACDED070A8DED0C
:101C0000061ACDED051A8DED042ACDED032A8DEDD2
:101C1000023ACDED013A08980999086007980999A8
:101C20004860069809998860059809998861049820
:101C30000999486103980999086102980999C8604F
:101C400001980999C861099807F0E6F909990120F6
:101C500081F839000AB080BD80B540F69030C2F2FC
:101C6000000007F0D9F940F60840C2F2000007F082
:101C7000D3F940F65430C2F2000007F0CDF940F637
:101C8000CC30C2F2000007F0C7F940F61830C2F2BB
:101C9000000007F0C1F940F6DC20C2F2000007F0B6
:101CA000BBF980BD704700007047000080B582B06E
:101CB000009000980138B0F1807F03D3FFE7012046
:101CC000019019E0009801384EF21401CEF20001A3
:101CD00008604FF0FF300F21FFF75CFA4EF2180159
:101CE000CEF20001002008604EF21002CEF2000297
:101CF000072111600190FFE7019802B080BD00004C
:101D000080B540F6E041C2F2000108680130086089
:101D100001F066FA80BD000080B584B04EF68851AF
:101D2000CEF20001086840F47000086041F2000142
:101D3000C4F20201086840F001000860FFE741F2C8
:101D40000000C4F2020000688007002801D4FFE709
:101D5000F5E741F20400C4F20200006800F00C0054
:101D6000082840F08080FFE7FFE700200390FFE7AE
:101D700003984F2805D8FFE7FFE703980130039049
:101D8000F6E741F20401C4F20201086802900298E9
:101D900020F0F0000290029840F08000029002983B
:101DA000086000200390FFE703984F2805D8FFE75D
:101DB000FFE7039801300390F6E741F20401C4F213
:101DC000020108680290029820F0F0000290029848
:101DD00040F0900002900298086000200390FFE716
:101DE00003984F2805D8FFE7FFE7039801300390D9
:101DF000F6E741F20401C4F2020108680290029879
:101E000020F0F0000290029840F0A00002900298AA
:101E1000086000200390FFE703984F2805D8FFE7EC
:101E2000FFE7039801300390F6E741F20401C4F2A2
:101E3000020108680290029820F0F00002900298D7
:101E400040F0B00002900298086000200390FFE785
:101E500003984F2805D8FFE7FFE703980130039068
:101E6000F6E7FFE7FFE741F20401C4F20201009147
:101E7000086820F003000860C82000F085F8009A88
:101E800041F20001C4F2020108684FF6FF73CEF67A
:101E9000F6231840086041F20803C4F202034FF42D
:101EA0007F00186000200190106041F22C02C4F203
:101EB00002021060086820F48020086003F006FD2C
:101EC00001994FF0006002F0A7FF04B080BD000050
:101ED00080B504F0CBFF80BD80B540F27060C2F2E7
:101EE000000001780131017000780A2816D1FFE75F
:101EF00040F27061C2F200010020087001F01EFD86
:101F000000F0DEFE40F6B420C2F200004078012866
:101F100003D1FFE701F072FDFFE7FFE703F046FAA8
:101F200041F20000C4F20000012104F003FB80BD77
:101F300080B540F28C60C2F2000005F0A3FF80BDC6
:101F400080B540F28C60C2F200008079A0B1FFE75A
:101F5000FFF7E2FE40F6DC40C2F20000006803F04A
:101F600013FA40F20C5003F0D3F940F28C60C2F245
:101F7000000004F00FFCFFE74FF4802001F0BCFCF0
:101F800080BD0000FFE7FEE782B0019000200090D6
:101F9000FFE70098019901EB8101B0EB410F05D2F9
:101FA000FFE7FFE7009801300090F2E702B07047CA
:101FB00083B002908DF8071000920298D0F8B00319
:101FC00080688078009908800298D0F8B003806813
:101FD00003B0704783B002908DF80710009202980A
:101FE000D0F8B00341688878C97840EA01200099A8
:101FF00008800298D0F8B003406803B07047000032
:1020000083B002908DF8071000920298D0F8B003C8
:1020100000680078009908800298D0F8B003006842
:1020200003B0704780B586B00490039100208DF80E
:102030000B000398007800F003000146019140B1C5
:10204000FFE7019801281ED0FFE7019802281BD066
:1020500042E0049890F8CE00022806D0FFE70498EA
:1020600090F8CE0003280DD1FFE70398408801289F
:1020700007D1FFE70499002081F8A2038DF817002B
:102080002FE0FFE729E028E0039880888DF80B0017
:10209000049890F8CE0003281DD1FFE703984088EC
:1020A000A8B9FFE79DF80B0088B1FFE79DF80B008A
:1020B00080280CD0FFE704989DF80B1005F0BEFBBC
:1020C0000498D0F8B413CA6803999047FFE700203A
:1020D0008DF8170005E000E0FFE701208DF81700FC
:1020E000FFE79DF8170006B080BD000085B00490A2
:1020F000039101208DF80B000498D03001900498D2
:1021000090F8CE0001460091022804D0FFE7009825
:1021100003280AD013E0049890F8CC0020B9FFE718
:1021200000208DF80B00FFE70AE0049890F8CC003F
:1021300020B1FFE700208DF80B00FFE700E0FFE78C
:102140009DF80B0040B9FFE70498CC3001998860F6
:10215000019901204861FFE79DF80B0005B0704729
:1021600080B586B00590049100208DF80F008DF8A1
:102170000E0001208DF80D000598D03002900498D3
:10218000007800F003000146019150B1FFE701988B
:10219000012800F07580FFE70198022800F079809F
:1021A00078E00498C0788DF80F00049840888DF886
:1021B0000E009DF80F000138014600910E285DD8F1
:1021C0000099DFE801F008243750505050505B5B15
:1021D0005B5B5B5B51009DF80F1040F25020C2F238
:1021E000000000EB810050F8043C05989DF80E10AB
:1021F000029A14329847029988600498C08840284F
:1022000004D1FFE7029908204861FFE737E09DF815
:102210000F1040F25020C2F2000000EB810050F895
:10222000043C05989DF80E10029A143298470299C2
:10223000886024E09DF80E00092813DCFFE79DF874
:102240000F1040F25020C2F2000000EB810050F865
:10225000043C05989DF80E10029A14329847029992
:102260008860FFE70BE00AE005989DF80E10029ADF
:102270001432FFF79DFE0299886000E0FFE70AE054
:102280000598D0F8B413CA68049990478DF80D00EA
:1022900001E000E0FFE70298406948B3FFE70498D7
:1022A000C08828B3FFE7029840690499C98888422A
:1022B00015D2FFE702994869898888420ED3FFE763
:1022C000029842698188B2FBF1F000FB112028B925
:1022D000FFE70599012081F8AD03FFE704E00498CA
:1022E000C08802994861FFE700208DF80D00FFE7E4
:1022F0009DF80D0006B080BD85B003900291039853
:1023000090F8CE0001460091012808D0FFE7009820
:10231000022805D0FFE70098032802D017E017E055
:1023200016E002980079012810D8FFE70398D03012
:1023300001900398D0F8B4030130019988600199A5
:102340000120486100208DF8130005E000E0FFE760
:1023500001208DF81300FFE79DF8130005B07047CA
:1023600085B004900391039880888DF80B000120BC
:102370008DF80A000498D03001900398007800F09E
:1023800003000146009140B1FFE70098012836D0D4
:10239000FFE70098022842D072E0049890F8CE003F
:1023A000022806D0FFE7049890F8CE00032825D134
:1023B000FFE7049890F8A00338B1FFE740F27C6192
:1023C000C2F200010120087006E040F27C61C2F216
:1023D000000100200870FFE7049890F8A20348B1BC
:1023E000FFE740F27C61C2F20001087840F0020091
:1023F0000870FFE700208DF80A00FFE741E004982D
:1024000090F8CE00032809D1FFE79DF80B000128C2
:1024100004D8FFE700208DF80A00FFE731E00498B8
:1024200090F8CE0003282AD1FFE79DF80B000006A4
:10243000002811D5FFE704989DF80B1001F07F01EB
:1024400001EB410100EBC10090F8D20040F27C6149
:10245000C2F2000108700EE004989DF80B1001EB29
:10246000410100EBC10090F83A0240F27C61C2F2F7
:1024700000010870FFE700208DF80A00FFE700E088
:10248000FFE79DF80A0050B9FFE7019940F27C6030
:10249000C2F200008860019902204861FFE79DF8C0
:1024A0000A0005B07047000082B001900091012041
:1024B00002B0704780B584B0029001910198808885
:1024C00050BBFFE70198C08830BBFFE701988078D8
:1024D00000F07F00029981F8CD00029890F8CE00BC
:1024E000032818D0FFE7029890F8CD1004F076FF8B
:1024F000029890F8CD0028B1FFE70299022081F8F8
:10250000CE0004E00299012081F8CE00FFE7002010
:102510008DF80F0004E0FFE701208DF80F00FFE7C2
:102520009DF80F0004B080BD80B588B0079006917B
:1025300001208DF817000698817840F27E60C2F283
:10254000000001700078012877D8FFE7079890F81D
:10255000CE000146049101286CD0FFE704980228C0
:1025600004D0FFE70498032820D064E040F27E60A6
:10257000C2F200000078A8B1FFE70798D0F8B413C2
:102580004A6840F27E61C2F20001039109789047E7
:1025900003980078079981F8CC000799032081F807
:1025A000CE00FFE700208DF8170045E040F27E6086
:1025B000C2F200000078A8B9FFE70798D0F8B4137A
:1025C0008A6840F27E61C2F2000102910978904768
:1025D00002980078079981F8CC000799022081F8C9
:1025E000CE0023E040F27E60C2F20000007807993E
:1025F00091F8CC10884217D0FFE70798D0F8B413B1
:102600008A6840F27E61C2F2000101910978904728
:1026100001990878079A82F8CC000798D0F8B4237B
:1026200052680978904700E0FFE7FFE700208DF847
:10263000170001E000E0FFE7FFE79DF8170008B092
:1026400080BD000082B001900091002002B0704770
:1026500080B586B00490039100208DF80B0003989C
:10266000007800F003000146019140B1FFE70198B6
:1026700001281FD0FFE7019802281CD03DE00498F4
:1026800090F8CE00022806D0FFE7049890F8CE001C
:1026900003280ED1FFE703984088012805D1FFE702
:1026A0000499012081F8A203FFE700208DF81700AC
:1026B00028E023E022E0039880888DF80B0004983E
:1026C00090F8CE00032817D1FFE70398408878B927
:1026D000FFE79DF80B0058B1FFE79DF80B0080283D
:1026E00006D0FFE704989DF80B1005F079F8FFE796
:1026F00000208DF8170005E000E0FFE701208DF8CD
:102700001700FFE79DF8170006B080BD80B584B0C4
:1027100002900191029890F8CE00014600910128A4
:1027200008D0FFE70098022805D0FFE700980328AB
:1027300002D018E018E017E001980079012811D8BC
:10274000FFE70298D0F8B403006938B1FFE70298B8
:10275000D0F8B4130A6901999047FFE700208DF87B
:102760000F0005E000E0FFE701208DF80F00FFE714
:102770009DF80F0004B080BD82B001900091002050
:1027800002B0704784B003908DF80B10019203984B
:10279000D0F8B003C0689DF80B1050F821000090ED
:1027A0000098007801990880009804B070470000F4
:1027B00080B586B042F20040C4F20100059000F0FE
:1027C000B7F80020019000F05DF905984FF4807192
:1027D0000122049200F020FA0199059800F094F883
:1027E00004990598052200F057F80199049B059873
:1027F0000222029200F056F9019A049B05981946AC
:1028000000F050F90299049B0598062200F04AF95D
:10281000049B0598032103911A4600F043F9039A9B
:10282000049B0598042100F03DF9049905984FF4A4
:10283000003200F0FDF8049A0598114600F0BCF84B
:10284000059800F0A9F8049800F0B6FC059800F08F
:1028500005F8059800F096F806B080BD81B00090AC
:102860000099886840F008008860FFE70098806859
:102870000007002801D5FFE7F8E70099886840F0D5
:1028800004008860FFE7009880684007002801D5B1
:10289000FFE7F8E701B0704784B003908DF80B10A4
:1028A00001929DF80B0001460091012804D0FFE73A
:1028B0000098022812D023E00399C86A20F470001F
:1028C000C86201990020CFF6F07000EB01503FFA8A
:1028D00080F20399C86A1043C86212E00399886BBA
:1028E00020F44010886301990020CFF6F07000EBCF
:1028F000015000F440120399886B1043886300E094
:10290000FFE704B07047000082B00190009100988A
:1029100030B1FFE70199886840F40060886005E005
:102920000199886820F400608860FFE702B0704772
:1029300080B584B003900398029042F20041C4F243
:102940000101884208D0FFE7029842F60001C4F274
:102950000101884209D011E040F20930019002F0F3
:10296000FFFC019802F0E8FC09E040F20A30009018
:1029700002F0F6FC009802F0DFFC00E0FFE704B094
:1029800080BD000081B000900099886840F480709C
:10299000886001B07047000081B0009000988068A6
:1029A000C00730B9FFE70099886840F001008860EF
:1029B000FFE701B07047000082B001908DF803106E
:1029C0008DF802209DF80200C0B1FFE79DF80300DA
:1029D000C00730B1FFE70199886840F48010886033
:1029E000FFE79DF803008007002806D5FFE701995F
:1029F000886840F400408860FFE717E09DF8030016
:102A0000C00730B1FFE70199886820F48010886022
:102A1000FFE79DF803008007002806D5FFE701992E
:102A2000886820F400408860FFE7FFE702B0704745
:102A300084B003908DF80B1001929DF80B000146B5
:102A40000091012804D0FFE7009802280BD015E080
:102A50000399886820F460208860019A0399886847
:102A6000104388600BE00399886820F4E040886098
:102A7000019A039988681043886000E0FFE704B07A
:102A80007047000081B0009042F20441C4F201019D
:102A9000086820F470200860009A086810430860F5
:102AA00001B0704785B004908DF80F108DF80E209E
:102AB00002939DF80F0005281CDCFFE70498406B8B
:102AC00001909DF80F0000EB80011F2000FA01F13A
:102AD0000198884301909DF80E009DF80F1001EBBE
:102AE000810100FA01F101980843019001980499CD
:102AF00048634AE09DF80F000B281FDCFFE70498AD
:102B0000006B01909DF80F0000EB8000A0F11E010A
:102B10001F2000FA01F10198884301909DF80E00F2
:102B20009DF80F1001EB81011E3900FA01F10198A7
:102B30000843019001980499086325E09DF80F006F
:102B40000F281FDCFFE70498C06A01909DF80F0072
:102B500000EB8000A0F13C011F2000FA01F1019878
:102B6000884301909DF80E009DF80F1001EB810144
:102B70003C3900FA01F10198084301900198049949
:102B8000C86200E0FFE7FFE7FFE79DF80E000928B5
:102B90001BDCFFE70498006900909DF80E0000EB35
:102BA0004001072000FA01F1009888430090029844
:102BB0009DF80E1001EB410100FA01F10098084365
:102BC000009000980499086124E09DF80E001128F7
:102BD0001EDCFFE70498C06800909DF80E0000EB33
:102BE0004000A0F11E01072000FA01F1009888437F
:102BF000009002989DF80E1001EB41011E3900FA79
:102C000001F100980843009000980499C86000E022
:102C1000FFE7FFE705B0704783B0029001918DF8A0
:102C200003209DF8030020B3FFE79DF80500C007CF
:102C300030B1FFE70299486840F480704860FFE7D0
:102C40009DF805004007002806D5FFE7029948686F
:102C500040F480604860FFE79DF80400800700288A
:102C600006D5FFE70299886840F002008860FFE718
:102C700023E09DF80500C00730B1FFE702994868DE
:102C800020F480704860FFE79DF8050040070028A9
:102C900006D5FFE70299486820F480604860FFE7A6
:102CA0009DF804008007002806D5FFE70299886890
:102CB00020F002008860FFE7FFE703B070470000E4
:102CC00080B540F6B420C2F200004078A0BBFFE718
:102CD00040F2E800C2F2000090ED001A90ED010A07
:102CE00030EE410A10EE100AFDF75FFC41EC100BCC
:102CF0009FED131B50EC111BC20F51EC100B62F334
:102D0000DF7141EC100B51EC100B9FED0F0B53ECEE
:102D1000102BFDF709FC38B9FFE740F6B421C2F2E9
:102D200000010120C87006E040F6B421C2F20001A3
:102D30000020C870FFE7FFE780BD00BF00BF00BFF5
:102D4000000000000000000000000000000008403B
:102D500083B001900198D0F8B803A8B1FFE70198BB
:102D6000D0F8B8030090009890F8490001280AD1E3
:102D7000FFE7009890F84800012804D1FFE7002001
:102D80008DF80B0004E0FFE701208DF80B00FFE752
:102D90009DF80B0003B0704782B001900198D0F805
:102DA000B80300900198D0F8B4034078FF2818D0F9
:102DB000FFE70099086C0865009991F8440081F8D4
:102DC0005400009991F8450081F85500009991F858
:102DD000460081F856000198D0F8B413FF204870DF
:102DE000FFE7002002B0704780B584B003900398DD
:102DF000D0F8B80302900298C06C78B1FFE702994E
:102E00000020019081F848000398029AD36C812138
:102E100004F06AFC01980299C864FFE704B080BD21
:102E200080B582B001908DF803100198812104F0E3
:102E30000DFC0198032104F009FC0198822104F0A3
:102E400005FC002002B080BD80B584B003908DF8F1
:102E50000B1003989DF80B1001F07F0101EB41016D
:102E600000EBC100D03001900398D0F8B803009077
:102E70000198C2688188B2FBF1F000FB112060B9B3
:102E8000FFE70198C06840B1FFE703989DF80B1079
:102E900000231A4604F028FC04E00099012081F880
:102EA0004800FFE7002004B080BD000080B584B07A
:102EB00003908DF80B1003984AF2FE31C0F6000122
:102EC00000913C3104F034FC00990398353104F052
:102ED0002FFC00990398253104F02AFC40F65C2170
:102EE000C2F20001012081F8490081F84800002069
:102EF000C8644FF4E13201928DF808008DF80900A2
:102F000008228DF80A20019ADDF80730C1F8533005
:102F10000A65039AC2F8B81304B080BD83B002906A
:102F20008DF807100298D0F8B8030090009901209E
:102F300081F8490002989DF8071001EB410100EB70
:102F4000C100D0F848020099C864002003B070475F
:102F500085B0049003910498D0F8B8030290002043
:102F600001900398407801460091232800F25C808C
:102F70000099DFE801F012131415165959595959DF
:102F800059595959595959595959595959595959B1
:102F9000595959595959172A575846E045E044E0BC
:102FA00043E042E0049800F50E70019003984078E9
:102FB0000499D1F8B41348700398C0880199486106
:102FC00002984030019988602FE00498D030019039
:102FD0000299086D81F840000299086D000A81F895
:102FE00041000299B1F8520081F84200029991F82B
:102FF000530081F84300029991F8540081F844008D
:10300000029991F8550081F84500029991F856000F
:1030100081F84600029840300199886001990720A4
:10302000486102E001E000E0FFE7002005B07047E2
:1030300080B584B00390029140F28C60C2F200002F
:10304000D0F8B80301900198F8B1FFE70298E0B119
:10305000FFE70298402818D8FFE740F28C60C2F2E0
:103060000000FFF775FE78B9FFE701980399029A0F
:10307000FDF78AF802980199C86440F28C60C2F2A8
:103080000000FFF7B1FEFFE7FFE704B080BD0000DE
:1030900083B00290019100200090FFE70098019911
:1030A00088420ED2FFE70298009950F8210043F2BF
:1030B0000001C4F202010860FFE7009801300090AF
:1030C000ECE743F20000C4F20200006803B070476E
:1030D00043F20801C4F20201086840F001000860F0
:1030E0007047000081B08DF803009DF80300C00711
:1030F00068B1FFE742F62041C4F20101086820F000
:1031000001000860086840F0010008600AE042F62B
:103110002041C4F20101086820F00100086008683D
:103120000860FFE701B0704781B08DF803009DF89B
:103130000300C00768B1FFE742F62041C4F2010175
:10314000086820F004000860086840F00400086087
:103150000AE042F62041C4F20101086820F00400B0
:10316000086008680860FFE701B0704780B582B06A
:1031700000200190FFF7D8FF0198FFF7B3FF40F65A
:10318000B420C2F20000C07828B9FFE76420002113
:1031900000F04CFA0EE040F6B420C2F20000C07815
:1031A000012806D1FFE740F65430002100F03EFA36
:1031B000FFE7FFE702B080BD81B00090009840F6C5
:1031C000BC21C2F200010860FFE740F6BC20C2F259
:1031D0000000006808B1FFE7F7E701B070470000A2
:1031E00040F6BC20C2F20000006840B1FFE740F6A4
:1031F000BC21C2F20001086801380860FFE770478F
:1032000080B582B001908DF8031001989DF80310ED
:1032100000F0EEF910B9FFE7FFE7FEE701989DF82F
:10322000031001EB810100EB8101886840F001008F
:10323000886002B080BD000080B582B001908DF83A
:10324000031001989DF8031000F0D2F910B9FFE7C0
:10325000FFE7FEE701989DF8031001EB810100EB09
:103260008101886840F02000886002B080BD0000C5
:1032700080B58AB04FF4A06002F04AF80020C4F292
:10328000020001900021029100F030F801980299AB
:1032900042F24C42C4F2010203928DF8241040F233
:1032A0008062C2F20002059201228DF825204FF4BF
:1032B000807204924FF4806206928DF826100522E7
:1032C00007924FF40052089203AA00F055F80198B3
:1032D0000299FFF7B1FF01980299022200F0F0F87D
:1032E00001980299FFF78CFF0AB080BD80B582B0CB
:1032F00001908DF8031001989DF8031000F078F903
:1033000010B9FFE7FFE7FEE701989DF8031001EB16
:10331000810100EB8101886820F00100886001983C
:103320009DF8031001EB810100EB81010020886012
:1033300001999DF8032002EB820201EB8201C86033
:1033400001999DF8032002EB820201EB82010861E2
:1033500001999DF8032002EB820201EB8201486192
:103360009DF8030081000F2000FA01F201994868DE
:103370001043486002B080BD80B584B003908DF8E2
:103380000B10019203989DF80B1000F031F910B961
:10339000FFE7FFE7FEE70198006803999DF80B201F
:1033A00002EB820201EB82010861019880680399B7
:1033B0009DF80B2002EB820201EB8201486101982B
:1033C000008A03999DF80B2002EB820201EB820137
:1033D000C86003989DF80B1001EB810100EB8100A0
:1033E00080680090009820F47C5000900199486813
:1033F000CA68496910430143009808430090009847
:1034000003999DF80B2002EB820201EB8201886098
:103410000198007E01280CD1FFE703989DF80B105E
:1034200001EB810100EB8101886840F04000886079
:103430000BE003989DF80B1001EB810100EB81017B
:10344000886820F040008860FFE70198407E0128EE
:103450000CD1FFE703989DF80B1001EB810100EB05
:103460008101886840F0800088600BE003989DF837
:103470000B1001EB810100EB8101886820F08000D6
:103480008860FFE70198807E60B9FFE703989DF8A8
:103490000B1001EB810100EB8101886820F0100026
:1034A00088600BE003989DF80B1001EB810100EBA5
:1034B0008101886840F010008860FFE704B080BD9B
:1034C00080B584B003908DF80B10019203989DF89D
:1034D0000B1000F08DF810B9FFE7FFE7FEE7019A47
:1034E00003989DF80B1001EB810100EB81018868C6
:1034F0001043886004B080BD83B002908DF807103F
:10350000009200989DF80710890000FA01F20299D4
:1035100048681043486003B07047000087B00690C9
:103520008DF8171004920020039002908DF8070088
:1035300004980090022808D0FFE70098042819D0CA
:10354000FFE7009808282AD03EE006980068049912
:103550009DF81720920091400840029006989DF82F
:10356000171001EB810100EB8100806800F0020080
:1035700003902BE00698006804999DF817209200AC
:1035800091400840029006989DF8171001EB8101C8
:1035900000EB8100806800F00400039016E00698BC
:1035A000006804999DF8172092009140084002900D
:1035B00006989DF8171001EB810100EB81008068EF
:1035C00000F00800039001E0FFE7FEE7029838B141
:1035D000FFE7039820B1FFE701208DF8070003E023
:1035E00000208DF80700FFE79DF8070007B070473F
:1035F00082B001908DF8031001208DF8020001982F
:1036000040F20041C4F2020188420AD1FFE79DF86E
:103610000300052804DBFFE700208DF80200FFE728
:10362000FFE79DF8020002B07047000080B582B04D
:10363000ADF806008DF805109DF80510BDF80620C0
:1036400042F60040C4F20100009002F07BFC0098BA
:10365000BDF806104A08012102F074FC02B080BDDA
:1036600082B00190ADF802108DF801209DF80100A4
:10367000B0B9FFE7BDF8020001990988884205DD6D
:10368000FFE701980088ADF80200FFE7BDF80200EF
:10369000632804DCFFE76420ADF80200FFE71BE0CD
:1036A0009DF80100012816D1FFE7BDF8020001993D
:1036B0004988884205DDFFE701984088ADF802009F
:1036C000FFE7BDF80200632804DCFFE76420ADF8E3
:1036D0000200FFE7FFE7FFE7BDF8020002B0704716
:1036E00080B58CB040F2036001F012FE4FF4E06050
:1036F00001F00EFE4FF4C06001F00AFE40F60040FB
:10370000C4F201004821032200924FF4404300F02C
:1037100051FB4FF08040059002F090FC08A801900A
:1037200002F08CFF009A0199059800230493ADF8EC
:103730002030ADF82230ADF824304FF0190CCDF820
:1037400028C0ADF82C308DF82E2002F081FD06A89F
:10375000029002F03BFA029A04990598ADF818100D
:1037600001230393ADF81A30ADF81C10ADF81E100C
:1037700002F0F6FD029A0399059802F0F1FD039913
:10378000049B05981A4602F025FF059802F056FDA5
:103790000CB080BD80B582B040F2036001F0B8FD8E
:1037A0004FF4C06001F0B4FD40F60040C4F20100E7
:1037B000482103224FF4404300F0FCFA01200F217E
:1037C00000F086FA4FF4004000900022019211466A
:1037D00000F00AF8009800F08FF8019A28200221E2
:1037E00001F0C6FA02B080BD84B003908DF80B10D2
:1037F0008DF80A20039A40F20041C4F201010868E2
:1038000090430860039A40F20441C4F20101086841
:1038100090430860039A40F20841C4F2010108682D
:1038200090430860039A40F20C41C4F20101086819
:10383000904308609DF80B000146019120B1FFE71D
:103840000198012809D011E0039A40F20041C4F226
:10385000010108681043086009E0039A40F204413E
:10386000C4F2010108681043086000E0FFE79DF81A
:103870000A000146009140B1FFE70098012815D0E9
:10388000FFE70098022822D032E0039A40F2084174
:10389000C4F20101086810430860039A40F20C4129
:1038A000C4F2010108689043086022E0039A40F2E4
:1038B0000841C4F20101086890430860039A40F28D
:1038C0000C41C4F2010108681043086011E0039A3A
:1038D00040F20841C4F20101086810430860039AED
:1038E00040F20C41C4F2010108681043086000E096
:1038F000FFE704B07047000081B00090009840F2EC
:103900001441C4F20101086001B0704782B0019017
:1039100040F21440C4F2010000680199084204D04A
:10392000FFE701208DF8030003E000208DF803007D
:10393000FFE79DF8030002B07047000080B582B039
:1039400040F6B420C2F200008079014601910428BB
:1039500050D80199DFE801F0030C3D42450040F6E4
:10396000B421C2F200010120887104F00BFC42E096
:1039700004F008FC40F6B420C2F200004078A8B978
:10398000FFE701F0EFFAFFF7F1FBFEF765F940F210
:103990003011C2F2000164200880488040F6B42152
:1039A000C2F2000100208870C87111E040F6B42016
:1039B000C2F200004078012809D1FFE740F6B421A7
:1039C000C2F200010020C87102208871FFE7FFE702
:1039D00011E004F0D7FB04F013FC0CE004F0D2FB80
:1039E00009E040F6B421C2F2000102204871FFF75D
:1039F000BDFB00E0FFE702B080BD000040F6B42050
:103A0000C2F20000C078002843D1FFE740F2E8008E
:103A1000C2F2000090ED000AB6EE001AB4EE410AC0
:103A2000F1EE10FA15DDFFE740F2E800C2F2000007
:103A300090ED001A90ED010A80EE010A9FED411A07
:103A400020EE010A40F28000C2F2000080ED0B0A75
:103A500006E040F28001C2F200010020C862FFE7E8
:103A600040F28000C2F2000090ED0B0A9FED371A81
:103A7000B4EE410AF1EE10FA0ADDFFE740F28001F0
:103A8000C2F200014CF20000C4F22850C862FFE705
:103A900057E040F2E800C2F2000090ED000AB6EEF6
:103AA000001AB4EE410AF1EE10FA17DDFFE740F21A
:103AB000E800C2F2000090ED000A90ED011A31EE2C
:103AC000400A80EE010A9FED1F1A20EE010A40F223
:103AD0008000C2F2000080ED0B0A06E040F2800197
:103AE000C2F200010020C862FFE740F28000C2F28B
:103AF000000090ED0B0AB5EE400AF1EE10FA07DA7D
:103B0000FFE740F28001C2F200010020C862FFE737
:103B100040F28000C2F2000090ED0B0A9FED0A1AFD
:103B2000B4EE410AF1EE10FA0ADDFFE740F280013F
:103B3000C2F2000144F20000C4F21C50C862FFE768
:103B4000FFE7704700803B4500401C4500C028450A
:103B500082B00190009100980199486102B07047CD
:103B600082B00190009100980199086102B07047FD
:103B700083B0029001918DF803209DF8030020B1DD
:103B8000FFE701980299086103E0019802994861F2
:103B9000FFE703B07047000080B58EB040F20260CE
:103BA00001F0B6FB40F2036001F0B2FB40F20460AA
:103BB00001F0AEFB40F2096001F0AAFB0120029087
:103BC00001F038FA40F2065001F0A2FB40F6000086
:103BD000C4F201000B901021089103220D924FF4C2
:103BE0008063009300F0E6F808990D9A40F60040D3
:103BF000C4F2010005904FF4006300F0DBF8009B75
:103C0000059808990D9A00F0D5F8059808990D9A2D
:103C10004FF40073019300F0CDF801990598FFF778
:103C200097FF05980D9A48210391022300F0C2F8EE
:103C3000029B039905980D9A00F0BCF803990B9824
:103C40000D9A8023049300F0B5F8039905980D9A16
:103C50004FF4805300F0AEF80399049B05980D9A39
:103C600000F0A8F80B980D9A18210C914FF480736E
:103C700000F0A0F805980C990D9A4FF4005300F04D
:103C800099F80B9800210691042207924F2300F027
:103C900091F80699079A089B0B9800F08BF8089901
:103CA0000D9A41F20000C4F2010009904FF4604304
:103CB0000A9300F07FF809980A99FFF751FF0B98D3
:103CC0000C990D9A4FF4C05300F074F80EB080BDFB
:103CD00082B08DF807008DF80610002000909DF846
:103CE000060000F0030081000F20884000909DF83E
:103CF0000600032814DCFFE7009A0821C4F2010142
:103D00000868904308609DF807009DF8062002F0BF
:103D10000302920000FA02F208681043086047E0CC
:103D20009DF80600072814DCFFE7009A0C21C4F276
:103D300001010868904308609DF807009DF806207F
:103D400002F00302920000FA02F2086810430860D1
:103D50002DE09DF806000B2814DCFFE7009A1021E7
:103D6000C4F201010868904308609DF807009DF8BF
:103D7000062002F00302920000FA02F208681043E3
:103D8000086013E0009A1421C4F20101086890430E
:103D900008609DF807009DF8062002F003029200DB
:103DA00000FA02F2086810430860FFE7FFE7FFE748
:103DB00002B0704787B006900591049203930020EB
:103DC00001900090059800F00F0001909DF81400FC
:103DD000C006002814D5FFE7049804280AD1FFE79D
:103DE000019840F003000190039A0699C86B1043B4
:103DF000C86304E00499019808430190FFE7FFE7D6
:103E00000020ADF80A00FFE7BDF80A00072842D8F5
:103E1000FFE7BDF80A100398C840C007A0B3FFE74A
:103E2000069800680090BDF80A0081000F2000FA93
:103E300001F10098884300900198BDF80A108900AC
:103E400000FA01F10098084300900598282809D14C
:103E5000FFE7BDF80A100120884003990840069941
:103E600048610DE00598482809D1FFE7BDF80A1020
:103E7000012088400399084006990861FFE7FFE7A1
:103E8000009806990860FFE7FFE7BDF80A000130D7
:103E9000ADF80A00B8E70820ADF80A00FFE7BDF862
:103EA0000A000F2846D8FFE7BDF80A100398C8405B
:103EB000C007C0B3FFE7069840680090BDF80A004D
:103EC0006FF01F0101EB80020F2000FA02F2009850
:103ED000904300900198BDF80A2001EB820100FA9E
:103EE00001F10098084300900598282809D1FFE7C0
:103EF000BDF80A10012088400399084006994861DE
:103F00000DE00598482809D1FFE7BDF80A10012007
:103F100088400399084006990861FFE7FFE7009889
:103F200006994860FFE7FFE7BDF80A000130ADF8E9
:103F30000A00B4E707B0704783B0029001910020F7
:103F40008DF80300029880680199084204D0FFE7C9
:103F500001208DF8030003E000208DF80300FFE747
:103F60009DF8030003B0704783B0029001910020D8
:103F70008DF803000298C0680199084204D0FFE759
:103F800001208DF8030003E000208DF80300FFE717
:103F90009DF8030003B0704786B005908DF81310AC
:103FA000002003900290019000909DF817000006F9
:103FB000002806D5FFE71C20C4F20100006801902C
:103FC00005E00420C4F2010000680190FFE70598B5
:103FD000C0F303400090BDF814000390059800F46E
:103FE0004010B0F5401F0CD1FFE7019820F0E060D1
:103FF00001900421C4F20101086820F0E06008602B
:1040000023E09DF81600C00600280DD5FFE70099B3
:1040100003208840029002990198884301900198FA
:1040200040F0E06001900FE00398059A6FF00F01F7
:1040300001EA524100FA01F1019888430190019888
:1040400040F0E0600190FFE7FFE79DF8130060B1EA
:10405000FFE70398059A6FF00F0101EA524100FA59
:1040600001F1019808430190FFE79DF81700000651
:10407000002806D5FFE701981C21C4F20101086061
:1040800005E001980421C4F201010860FFE706B0D1
:104090007047000080B582B001908DF80310019840
:1040A00040F6C021C2F2000108609DF8030000F054
:1040B00011F8FFE740F6C020C2F20000006808B126
:1040C000FFE7F7E740F20040C4F2000002F0ACF86E
:1040D00002B080BD80B588B08DF81F0040F200406E
:1040E000C4F20000029002F09FF80298012102F051
:1040F0000DFA9DF81F00022803D1FFE70B20059061
:104100000AE09DF81F00012804D1FFE742F6DF60B6
:10411000059000E0FFE7FFE740F25C20C2F20000FC
:104120000088ADF80C000020ADF80E00ADF81000CE
:10413000ADF818008DF81A0040F20040C4F20000FB
:10414000019003A902F084F801980121009102F086
:10415000F1F9019801F0C0FC0099019802F0E0F932
:10416000019802F06BF808B080BD000083B00290A7
:1041700001918DF8032000208DF80200FFE79DF8E3
:1041800002009DF80310884229DAFFE70298000F29
:10419000092809D8FFE70298000F303001999DF8EF
:1041A000022001F8120009E00299372000EB11709B
:1041B00001999DF8022001F81200FFE70298000122
:1041C000029001989DF8021000EB41010020487018
:1041D000FFE79DF8020001308DF80200CFE703B041
:1041E0007047000080B540F6E040C2F20000006871
:1041F00040F6C821C2F200010968401A222801D8FD
:10420000FFE746E340F6E040C2F20000006840F6F7
:10421000C821C2F20001086000F03CFB40F6C42057
:10422000C2F20000007801283DD1FFE740F6B4203B
:10423000C2F20000407980B9FFE740F6B421C2F233
:10424000000101204871FCF7E9FF4AF29860C0F6CE
:1042500000000E21FEF7ECFE24E040F6B420C2F28E
:1042600000004079012809D1FFE740F6B421C2F2ED
:10427000000100204871FCF7D1FF12E040F6B420A5
:10428000C2F20000407902280AD1FFE740F6B421CB
:10429000C2F2000100208871487188704870FFE701
:1042A000FFE7FFE7F5E240F6C420C2F20000007825
:1042B00002284CD1FFE740F6B420C2F2000040795A
:1042C000D0B9FFE740F6D821C2F200010020087003
:1042D00040F6B421C2F20001487001208871C8780C
:1042E000013000F00100C8704AF2A760C0F600007B
:1042F0000E21FEF79DFE29E040F6B420C2F2000038
:10430000007988B9FFE740F6D821C2F200010878A9
:10431000013043F23432C3F23332A0FB023202EBFB
:104320008202801A087010E040F6D821C2F2000123
:104330000878013045F25652C5F25552A0FB0232C0
:1043400002EB4202801A0870FFE7FFE7A0E240F6A6
:10435000C420C2F200000078032840F03681FFE755
:1043600040F6B420C2F20000407998B9FFE740F669
:10437000D821C2F200010020087040F6B421C2F238
:1043800000014870012088710879B0FA80F0400976
:10439000087119E140F6B420C2F20000C07800288C
:1043A00040F08480FFE740F6B420C2F200000079BC
:1043B000C8BBFFE740F6D820C2F2000001784AF2FD
:1043C0007850C0F6000000EB810090ED001A40F23A
:1043D0008000C2F2000090ED020A30EE010A80ED8A
:1043E000020A90ED020A4AF2D470C0F6000090ED85
:1043F000011AB4EE410AF1EE10FA0BDDFFE74AF2C2
:10440000D470C0F60000406840F28001C2F20001A2
:104410008860FFE740F28000C2F2000090ED020ADF
:1044200000F070FB41E040F6B420C2F200000079D9
:10443000012839D1FFE740F6D820C2F20000017808
:104440004AF27850C0F6000000EB810090ED001AAF
:1044500040F28000C2F2000090ED030A30EE010A43
:1044600080ED030A90ED030A4AF25C40C0F60000BA
:1044700090ED011AB4EE410AF1EE10FA0BDDFFE700
:104480004AF25C40C0F60000406840F28001C2F28F
:104490000001C860FFE740F28000C2F2000090ED2A
:1044A000030A00F0F3FAFFE7FFE78CE040F6B420E0
:1044B000C2F20000C078012840F08480FFE740F697
:1044C000B420C2F200000079C8BBFFE740F6D82054
:1044D000C2F2000001784AF27850C0F6000000EB0A
:1044E000810090ED001A40F28000C2F2000090EDD1
:1044F000040A30EE010A80ED040A90ED040A4AF243
:10450000CC70C0F6000090ED011AB4EE410AF1EE55
:1045100010FA0BDDFFE74AF2CC70C0F600004068ED
:1045200040F28001C2F200010861FFE740F2800022
:10453000C2F2000090ED040A00F0C6FA41E040F635
:10454000B420C2F200000079012839D1FFE740F61B
:10455000D820C2F2000001784AF27850C0F600007C
:1045600000EB810090ED001A40F28000C2F20000E2
:1045700090ED050A30EE010A80ED050A90ED050A7E
:104580004AF25440C0F6000090ED011AB4EE410A20
:10459000F1EE10FA0BDDFFE74AF25440C0F60000DE
:1045A000406840F28001C2F200014861FFE740F23A
:1045B0008000C2F2000090ED050A00F049FAFFE722
:1045C000FFE7FFE7FFE7FFE761E140F6C420C2F243
:1045D00000000078042840F03A81FFE740F6B4205C
:1045E000C2F200004079012840F01B81FFE740F64D
:1045F000B420C2F20000C078002840F08480FFE7B9
:1046000040F6B420C2F200000079C8BBFFE740F6D4
:10461000D820C2F2000001784AF27850C0F60000BB
:1046200000EB810090ED001A40F28000C2F2000021
:1046300090ED020A30EE410A80ED020A90ED020A86
:104640004AF2D470C0F6000090ED001AB4EE410AB0
:10465000F1EE10FA0BDAFFE74AF2D470C0F6000070
:10466000006840F28001C2F200018860FFE740F27A
:104670008000C2F2000090ED020A00F043FA41E02F
:1046800040F6B420C2F200000079012839D1FFE7DA
:1046900040F6D820C2F2000001784AF27850C0F605
:1046A000000000EB810090ED001A40F28000C2F2A1
:1046B000000090ED030A30EE410A80ED030A90ED10
:1046C000030A4AF25C40C0F6000090ED001AB4EE16
:1046D000410AF1EE10FA0BDAFFE74AF25C40C0F64D
:1046E0000000006840F28001C2F20001C860FFE7EC
:1046F00040F28000C2F2000090ED030A00F0C6F91B
:10470000FFE7FFE78CE040F6B420C2F20000C0787B
:10471000012840F08480FFE740F6B420C2F2000098
:104720000079C8BBFFE740F6D820C2F2000001784C
:104730004AF27850C0F6000000EB810090ED001ABC
:1047400040F28000C2F2000090ED040A30EE410A0F
:1047500080ED040A90ED040A4AF2CC70C0F6000025
:1047600090ED001AB4EE410AF1EE10FA0BDAFFE711
:104770004AF2CC70C0F60000006840F28001C2F23C
:1047800000010861FFE740F28000C2F2000090EDF6
:10479000040A00F099F941E040F6B420C2F20000AA
:1047A0000079012839D1FFE740F6D820C2F2000095
:1047B00001784AF27850C0F6000000EB810090EDDD
:1047C000001A40F28000C2F2000090ED050A30EEBF
:1047D000410A80ED050A90ED050A4AF25440C0F600
:1047E000000090ED001AB4EE410AF1EE10FA0BDA77
:1047F000FFE74AF25440C0F60000006840F2800132
:10480000C2F200014861FFE740F28000C2F20000FE
:1048100090ED050A00F01CF9FFE7FFE7FFE7FFE76F
:1048200014E040F6B420C2F20000407968B9FFE716
:1048300040F6D840C2F200000178B1FA81F149098E
:1048400001700078FCF724FEFFE7FFE71EE040F66A
:10485000C420C2F200000078052816D1FFE740F618
:10486000B420C2F200004178B1FA81F149094170E7
:10487000407838B9FFE740F6B421C2F200010120C8
:104880008871FFE7FFF75AF8FFE7FFE7FFE7FFE769
:10489000FFE780BD80B540F6CC21C2F200010020C8
:1048A000087040F60040C4F201000221FFF744FB0B
:1048B00038B9FFE740F6CC21C2F2000101200870B0
:1048C00010E040F60040C4F201000121FFF734FB84
:1048D00038B9FFE740F6CC21C2F20001022008708F
:1048E000FFE7FFE740F60000C4F201008021FFF778
:1048F00023FB38B9FFE740F6CC21C2F200010320C8
:10490000087022E040F60040C4F201004FF48051EC
:10491000FFF712FB38B9FFE740F6CC21C2F20001E5
:104920000420087010E040F60040C4F2010080212D
:10493000FFF702FB38B9FFE740F6CC21C2F20001D5
:1049400005200870FFE7FFE7FFE740F6CC20C2F242
:1049500000000278037840F6C521C2F2000191F808
:1049600000C083EA0C031A4040F6C423C2F20003DD
:104970001A700078087080BD80B540F6E040C2F241
:104980000000006840F6D021C2F200010968401A18
:10499000632801D8FFE73FE040F6E040C2F20000A4
:1049A000006840F6D021C2F20001086040F6B8402D
:1049B000C2F20000C07EC00728B1FFE74FF40040FC
:1049C00000F02CF828E040F6B840C2F20000007F6A
:1049D000C00728B1FFE74FF4804000F01FF81AE04D
:1049E00040F6B840C2F20000007E00F0010001284D
:1049F00008D0FFE740F6B840C2F20000407EC00792
:104A000028B1FFE74FF4005000F008F802E000F092
:104A1000F1FAFFE7FFE7FFE780BD000080B584B053
:104A20000390039941F20000C4F201000190FFF7E6
:104A30009BFA014601988DF80B1003999DF80B2005
:104A4000B2FA82F25209FFF793F804B080BD000079
:104A500081B08DED000A009840F28001C2F20001A1
:104A60004861088B00EE100AB8EEC00A91ED051AF5
:104A700091ED082A21EE021A30EE410ABDEEC00A7D
:104A800010EE100AC88001B07047000081B08DEDB3
:104A9000000A009840F28001C2F20001C86091ED66
:104AA000030A91ED082A088B01EE100AB8EEC11A2C
:104AB00020EE020A30EE010ABDEEC00A10EE100A26
:104AC000488001B07047000081B08DED000A009869
:104AD00040F28001C2F20001086191ED040A91EDFB
:104AE000071A91ED113A91ED122A20EE030A30EEE9
:104AF000020A20EE010ABDEEC00A10EE100A8880FC
:104B000001B0704781B08DED000A009840F280013D
:104B1000C2F20001886091ED020A91ED071A91ED51
:104B2000133A91ED142A20EE030A30EE020A20EE29
:104B3000010ABDEEC00A10EE100A088001B07047ED
:104B400080B582B00020019000F0C4FE00F078F93A
:104B500000F0D4F8FFE700F0D7FEFCE780B58EB098
:104B600040F64440C2F20000B0EE080A8DED040A9F
:104B7000F3EE040ACDED010A9FED551A8DED0A1AE8
:104B8000B1EE082A8DED082ADFED522ACDED0B2A71
:104B9000B2EE043A8DED093ADFED4F3ACDED033A2E
:104BA000F0EE621AFDF724F8DDED033A9DED090AF7
:104BB0009DED0A1ADDED0B2A40F60840C2F2000016
:104BC000DFED460ACDED000A9FED452A8DED022A64
:104BD0009FED443A8DED0C3AF0EE621AFDF708F8BD
:104BE000DDED000A9DED083A9DED090ADDED0B2A89
:104BF00040F69030C2F200009FED3B1A8DED051A91
:104C0000DFED3A3ACDED073AF0EE621AB0EE432A04
:104C1000FCF7EEFF9DED010A9DED022ADDED033A62
:104C20009DED0A1ADDED0B1A9DED0C3A40F6183099
:104C3000C2F20000DFED2E2ACDED062AF0EE620A68
:104C4000FCF7D6FF9DED040A9DED051ADDED061A71
:104C5000DDED073ADDED0B2A9DED0C3A40F65430C0
:104C6000C2F20000F3EE090AB0EE432AFCF7C0FFDF
:104C70009DED082A9DED093A9DED0A1ADDED0B2AFE
:104C800040F6CC30C2F20000B0EE000ADFED193A77
:104C9000CDED0D3AF0EE430AF0EE621AFCF7A8FFF4
:104CA0009DED090A9DED0A1ADDED0B2A9DED0C3AEA
:104CB000DDED0D3A40F6DC20C2F20000DFED0E0A19
:104CC000F0EE621AB0EE432AFCF792FF0EB080BD00
:104CD00017B751390000000048E17A3F0000484210
:104CE00000401C4500C028456F12033B3333733F1F
:104CF0000000C842A4707D3F00008C4280B582B0A5
:104D0000FEF748FD00200190FEF7ECF90198FEF750
:104D10000BFAFEF72BFAFFF721FFFBF7F3FD01F08B
:104D200099FF02F093F801F057FF40F28C60C2F255
:104D3000000040F27001C2F2000140F24002C2F2F3
:104D4000000202F013FEFCF7FDFA02B080BD000085
:104D500080B582B00B2000220192114600F008F8C5
:104D6000019A3620022100F003F802B080BD000055
:104D700080B584B08DF80F008DF80E108DF80D20E1
:104D80004EF60C50CEF20000006800F4E0600146E0
:104D90000091B0F5407F14D0FFE70098B0F5806F28
:104DA0000FD0FFE70098B0F5A06F0AD0FFE700989A
:104DB000B0F5C06F05D0FFE70098B0F5E06F01D106
:104DC000FFE704E04FF4A06000F018F8FFE7FCF7FD
:104DD000D9F9029002989DF80E109DF80D20FCF76D
:104DE0009BF901909DF90F000199FCF7F5F99DF9E8
:104DF0000F00FCF77FF904B080BD000081B0009087
:104E000000980021C0F2FA5108434EF60C51CEF240
:104E10000001086001B0704782B0019000910198D4
:104E200000994FF68072C1F6FF72114008434EF6AA
:104E30000851CEF200010860BFF34F8F02B07047F7
:104E400080B5FEF7A9FEFEF713FAFDF7B1FC00F0FE
:104E500063FD00F0FBFDFEF743FCFFF779FF80BD2B
:104E600082B001908DF8031047F20001C4F20001F6
:104E7000086820F003000860019A08681043086081
:104E80004EF61051CEF20001086840F004000860B0
:104E90004EF21001CEF20001086840F68042C2F2E4
:104EA000000210604EF20010CEF200000068506068
:104EB0004EF20410CEF20000006890604EF208102E
:104EC000CEF200000068D06008680422C0F201023F
:104ED000104008604EF28011CEF200014FF63D0006
:104EE000CFF67F7008604EF28411CEF200016FF4AD
:104EF000E06008604EF28811CEF200014FF0FF3002
:104F000008609DF8030010B9FFE730BF03E040BF21
:104F100020BF20BFFFE740F68040C2F200000168DA
:104F20004EF21002CEF20002116041684EF2001201
:104F3000CEF20002116081684EF20412CEF200023D
:104F40001160C0684EF20811CEF2000108604EF602
:104F50001051CEF20001086820F00400086002B091
:104F60007047000040F6B420C2F20000C078A8B933
:104F7000FFE740F6B841C2F200014FF083400860FD
:104F800043F23330C4F2A300C8600020C4F2D01052
:104F900048600020C4F29010886019E040F6B42008
:104FA000C2F20000C078012811D1FFE740F6B841F5
:104FB000C2F200010020C4F2D01008604FF080421D
:104FC000CA6048600020C4F220108860FFE7FFE755
:104FD00040F6B841C2F200014FF0804008614FF046
:104FE000814048610020087648768876C876087740
:104FF0007047000080B541F20000C4F201004FF498
:105000006041FEF7ADFD80BD80B582B0FCF706F9CA
:1050100040F6B421C2F20001009100200190887096
:10502000FEF7A4F80099019804228A71487002B032
:1050300080BD000084B0039041F20400C4F202007D
:1050400000680290029843F6FF71CEF6FF710840A7
:10505000029041F22C00C4F2020000680190019815
:1050600020F0005001900398009004280DD3FFE732
:10507000009805280FD0FFE7009807280BD0FFE71E
:1050800000980838042812D31FE00399029840EAD8
:10509000813002901AE0039820F0040003900399F5
:1050A000029840EA813040F0805002900EE0039870
:1050B00020F00C0003900399029840EA813002909E
:1050C000019840F00050019000E0FFE7029841F2A3
:1050D0000401C4F202010860019841F22C01C4F2FB
:1050E0000201086004B070479BB08DF86B0000208F
:1050F000189040F20671C0F60811099140F20121A2
:10510000C0F2034108910790069005910490039125
:10511000029041F20400C4F202000068C0F3810072
:1051200019901998019040B1FFE7019801280AD021
:10513000FFE7019802280CD0A0E041F20020C0F265
:105140007A001790A0E041F20020C0F27A00179098
:105150009AE041F20400C4F20200006800F48030DA
:1051600013901398B0F5803F53D1FFE741F22C0024
:10517000C4F20200006800F080401290129830B92A
:10518000FFE741F20020C0F27A000F9005E046F6FA
:105190000040C0F2DC200F90FFE741F22C00C4F287
:1051A0000200006800F4803011901198B0F5803F43
:1051B00020D1FFE741F22C00C4F202000168CAB21C
:1051C000012101EB12110B91006800F470610220C3
:1051D00000EB11200A900A98112803D1FFE7142050
:1051E0000A90FFE70F980B99B0FBF1F00A9948433A
:1051F0000F90FFE741F22C00C4F20200006800F0BB
:105200000F0001300C900C990F98B0FBF1F00F904B
:1052100005E040F60010C0F23D000F90FFE741F2BC
:105220000400C4F202000168C1F3834110910068D8
:105230008000002805D5FFE7109840F0100010907E
:10524000FFE710980E2804D8FFE71098023010905E
:1052500003E0109801301090FFE70F981099484331
:10526000179010980F2808D1FFE70F9901EB410024
:10527000400000EB51001790FFE705E041F20020ED
:10528000C0F27A001790FFE741F20400C4F2020076
:105290000168C9B209090E910E9A06A9895C0D919F
:1052A00017990D9AD14016910168C1F302210E9110
:1052B0000E9A04A9895C0D9116990D9AD140159109
:1052C0000068C0F3C2200E900E9902A8405C0D90B9
:1052D00016980D99C84014909DF86B0001460091F6
:1052E000032810D80099DFE801F00205080B179891
:1052F000189009E01698189006E01598189003E0A9
:105300001498189000E0FFE718981BB07047000051
:1053100081B0ADF80200BDF8020000F01F020121CB
:1053200001FA02F3810941F20002C4F20202885834
:105330001843885001B0704781B0ADF80200BDF845
:10534000020000F01F02012101FA02F3810941F27B
:105350000002C4F2020288589843885001B0704796
:1053600081B0ADF80200BDF8020000F01F0201217B
:1053700001FA02F3810941F20002C4F202028858E4
:105380001843885001B0704782B0019041F2040187
:10539000C4F2020108680090009820F440000090D8
:1053A0000098019A1043086002B0704780B588B039
:1053B00002208DF81F009DF81F1040F23812C2F233
:1053C00000020092112050549DF81F008118812086
:1053D000487040F2E800C2F2000090ED000A9FED34
:1053E000621A20EE010ABDEEC00A10EE101AADF8E6
:1053F0001C10BDF81C109DF81F30134499709DF8C7
:105400001D109DF81F301344D97090ED010A20EE55
:10541000010ABDEEC00A10EE101AADF81C10BDF85E
:105420001C109DF81F30134419719DF81D109DF834
:105430001F301344597190ED020A20EE010ABDEEAF
:10544000C00A10EE101AADF81C10BDF81C109DF823
:105450001F30134499719DF81D109DF81F3013449F
:10546000D97190ED030A20EE010ABDEEC00A10EEDC
:10547000101AADF81C10BDF81C109DF81F30134415
:1054800019729DF81D109DF81F301344597290ED4C
:10549000040A20EE010ABDEEC00A10EE100AADF8B3
:1054A0001C00BDF81C009DF81F10114488729DF867
:1054B0001D009DF81F101144C87240F23010C2F256
:1054C00000008088ADF81C00BDF81C009DF81F107E
:1054D000114408739DF81D009DF81F101144487376
:1054E00000208DF80B008DF80B00FFE79DF80B00F6
:1054F000032813DCFFE79DF80B2040F23810C2F2BE
:10550000000050F8220000BA03A941F82200FFE78A
:105510009DF80B0001308DF80B00E7E7FDF7D8FD93
:1055200003A80421FDF7B4FD019001999DF81F2007
:1055300040F23810C2F20000024491730199C1F3A5
:1055400001219DF81F200244D1739DF81F100A18F5
:10555000002111749DF81F20024451741421FDF79D
:1055600067FD08B080BD00BF00007A4480B586B0FA
:10557000059005980078062827D0FFE74FF2E870DD
:10558000C1F6FF70006804904FF2EC70C1F6FF7036
:10559000006803904FF2F070C1F6FF70006802904F
:1055A0000299049808440490049868B1FFE70498AD
:1055B000059902310822FEF7D9FD039805991231A9
:1055C0000422FEF7D3FDFFE711E042F20010C4F21F
:1055D000020000680190019840B1FFE70198059929
:1055E0004880BDF8060005998880FFE7FFE706B010
:1055F00080BD000081B000900099086840F0400034
:10560000086001B07047000082B00190ADF8021050
:10561000BDF802000199C86002B0704780B586B03D
:1056200005900598049043F60001C4F200018842F9
:1056300019D0FFE7049843F60041C4F20001884204
:105640001AD0FFE7049843F20001C4F20101884236
:105650001BD1FFE74FF443700390FFF781FE0398DF
:10566000FFF76AFE12E040F20E400290FFF778FE6C
:105670000298FFF761FE09E040F20F400190FFF74A
:105680006FFE0198FFF758FE00E0FFE706B080BD0F
:1056900083B00290019100208DF803000298806889
:1056A0000199084204D0FFE701208DF8030003E0D0
:1056B00000208DF80300FFE79DF8030003B070475A
:1056C00083B0029001910020009002980068009041
:1056D000009800F441500090019801680098084338
:1056E00000900198416800980843009001988168F3
:1056F0000098084300900198C16800980843009002
:105700000198016900980843009001984169009848
:105710000843009001988169009808430090009820
:10572000029908600299C86920F40060C86103B05A
:105730007047000081B000900099486840F0040074
:10574000486001B07047000081B0009000990020CF
:10575000086000994860009988600099C8600099C5
:105760000861009948610099886101B070470000A4
:1057700085B000200490039041F20001C4F20201C0
:10578000086840F480300860FFE704980130049016
:1057900041F20000C4F20200006800F400300390FF
:1057A000FFE703990020019041B9FFE704984FF605
:1057B000FF71401A18BF01200190FFE70198C00750
:1057C0000028E2D1FFE741F20000C4F202000068C5
:1057D0008003002802D4FFE7FFE7FEE742F2000162
:1057E000C4F202010868032262F30200086041F279
:1057F0000401C4F2020100910868086008680860AA
:10580000086840F48060086008684FF6FF72CDF6C3
:10581000C3721040086008680022C2F235021043CB
:10582000086041F22C01C4F2020108684FF2000244
:10583000CBF6FE7210400860086840F61902C0F20C
:1058400001021043086041F20001C4F2020108683D
:1058500040F080600860FFE741F20000C4F20200FF
:1058600000680001002801D4FFE7F5E741F20001DC
:10587000C4F20201086840F080700860FFE741F25E
:105880000000C4F2020000688001002801D4FFE794
:10589000F5E741F20401C4F202010868029002989F
:1058A00020F003000290029840F00200029002985B
:1058B0000860FFE741F20400C4F20200006800073C
:1058C000002801D4FFE7F5E705B0704780B5FFF782
:1058D0004FFF80BD80B540F20000C2F200000068BA
:1058E00044F6D351C1F26201A0FB01108009FCF71C
:1058F000DDF910B1FFE7FFE7FEE74FF0FF300021D1
:10590000FBF748FC80BD000080B5FEF76BFC02F0A1
:10591000B3FDFFF731F880BD80B594B040F20B6065
:10592000FFF7F6FC40F20B300190FFF719FD0198EC
:10593000FFF702FD42F60040C4F20100089000F0BB
:105940007DFB0DA8029000F079FE029908980022D4
:105950000592ADF83420ADF83620ADF8382040F689
:10596000B7330F93ADF840208DF8422000F070FC63
:1059700011A8039000F050FB039A05990898ADF820
:105980004410ADF84610ADF84810ADF84A10ADF827
:105990004C10ADF84E1000F027F9039A059B0898BB
:1059A00001210791ADF84410ADF8483000F01CF922
:1059B000079908980F9A520800F0C4FA08985021E5
:1059C00000F0E0FD05990898642200F0BBFA059903
:1059D0000898602200F070FA07990898702200F089
:1059E0006BFA059908980822049200F0CFFA049AFD
:1059F0000799089800F0CAFA0DF12600069000F009
:105A00008BF8059A06990898ADF82620ADF828205D
:105A10002323ADF82A30ADF82C204FF48043ADF8A5
:105A20002E304FF48073ADF83030ADF8322000F0F6
:105A30005DF80799089800F0B5FD089800F04CF85B
:105A4000089800F0FBFB14B080BD000080B590B05A
:105A500040F20470FFF75CFC40F204400190FFF755
:105A60007FFC0198FFF768FC41F20000C4F20000DF
:105A7000049000F0E3FA09A8029000F0DFFD02991B
:105A800004980222ADF824200022ADF82620ADF8BB
:105A9000282040F69F730B93ADF830208DF832200C
:105AA00000F0D6FB04980121039100F043FD039917
:105AB000049800F035FD0498202100F063FD03995F
:105AC000049800F06FFD049800F006F8049800F0C8
:105AD000B5FB10B080BD000081B00090009908684F
:105AE00040F08000086001B07047000082B0019073
:105AF0000091009908884A8810438A881043CA8810
:105B000010430A8910434A8910438989084301993F
:105B1000486402B07047000081B0009000990020F6
:105B2000088000994880009988800099C880009971
:105B30000881009948810099888101B07047000070
:105B400083B00290ADF80610ADF80420BDF8060051
:105B500001460091032836D80099DFE801F0020ED3
:105B60001B270299886920F00C008861BDF8042089
:105B7000029988691043886126E00299886920F4B7
:105B800040608861BDF804200299886940EA0220DB
:105B9000886119E00299C86920F00C00C861BDF85D
:105BA00004200299C8691043C8610DE00299C869D0
:105BB00020F44060C861BDF804200299C86940EA39
:105BC0000220C86100E0FFE703B0704781B0009099
:105BD000009900200880009A012151800099888056
:105BE0000099C88001B0704784B00390ADF80A10E6
:105BF0000192BDF80A0001460091032800F2598184
:105C00000099DFE811F004005D00BC001B0103995E
:105C1000086A20F001000862019802880399086A66
:105C2000104308620399086A20F002000862019894
:105C300082880399086A10430862039842F600417B
:105C4000C4F20101884208D0FFE7039843F2004103
:105C5000C4F2010188422DD1FFE70399086A20F0C0
:105C600004000862019842880399086A1043086298
:105C70000399086A20F0080008620198C288039915
:105C8000086A104308620399486820F480704860ED
:105C9000019802890399486810434860039948684D
:105CA00020F40070486001984289039948681043C5
:105CB0004860FFE70399886920F003008861F9E0F4
:105CC0000399086A20F0100008620198028803997D
:105CD000086A40EA021008620399086A20F020006E
:105CE0000862019882880399086A40EA02100862F3
:105CF000039842F60041C4F20101884208D0FFE750
:105D0000039843F20041C4F20101884231D1FFE718
:105D10000399086A20F040000862019842880399BC
:105D2000086A40EA021008620399086A20F08000BD
:105D300008620198C2880399086A40EA0210086262
:105D40000399486820F480604860019802890399AB
:105D5000486840EA820048600399486820F400607F
:105D60004860019842890399486840EA8200486087
:105D7000FFE70399886920F4407088619AE00399ED
:105D8000086A20F480700862019802880399086A02
:105D900040EA022008620399086A20F40070086251
:105DA000019882880399086A40EA022008620398F1
:105DB00042F60041C4F20101884208D0FFE703988F
:105DC00043F20041C4F20101884231D1FFE7039957
:105DD000086A20F480600862019842880399086A82
:105DE00040EA022008620399086A20F40060086211
:105DF0000198C2880399086A40EA02200862039960
:105E0000486820F4805048600198028903994868E6
:105E100040EA021048600399486820F40050486046
:105E2000019842890399486840EA02104860FFE7F8
:105E30000399C86920F00300C8613BE00399086A30
:105E400020F480500862019802880399086A40EAA9
:105E5000023008620399086A20F400500862019831
:105E600082880399086A40EA02300862039842F681
:105E70000041C4F20101884208D0FFE7039843F2D1
:105E80000041C4F2010188420DD1FFE7039948683F
:105E900020F480404860019802890399486840EAEC
:105EA00082104860FFE70399C86920F44070C86118
:105EB00000E0FFE704B0704783B00290ADF8061031
:105EC000ADF80420BDF8060001460091032836D83D
:105ED0000099DFE801F0020E1B270299886920F083
:105EE00070008861BDF804200299886910438861B8
:105EF00026E00299886920F4E0408861BDF804201A
:105F00000299886940EA0220886119E00299C8690B
:105F100020F07000C861BDF804200299C8691043E0
:105F2000C8610DE00299C86920F4E040C861BDF87D
:105F300004200299C86940EA0220C86100E0FFE736
:105F400003B0704784B00390ADF80A100192BDF819
:105F50000A0001460091032814D80099DFE801F0F7
:105F600002060A0E0198039948630CE00198039910
:105F7000886308E001980399C86304E001980399D5
:105F8000086400E0FFE704B07047000083B00290AF
:105F9000ADF80610ADF80420BDF8060001460091EA
:105FA000032836D80099DFE801F0020E1B2702997A
:105FB000886920F008008861BDF80420029988698A
:105FC0001043886126E00299886920F400608861A6
:105FD000BDF804200299886940EA0220886119E02E
:105FE0000299C86920F00800C861BDF80420029930
:105FF000C8691043C8610DE00299C86920F40060C7
:10600000C861BDF804200299C86940EA0220C8614D
:1060100000E0FFE703B0704781B0009000990020D6
:10602000088000994880009988800099C88000996C
:1060300008810099488101B07047000080B590B098
:106040000F900F980E90B0F1804F74D0FFE70E982C
:1060500040F20041C4F20001884275D0FFE70E987B
:1060600040F60001C4F20001884276D0FFE70E98A6
:1060700040F60041C4F20001884277D0FFE70E9855
:1060800041F20001C4F20001884278D0FFE70E9887
:1060900041F20041C4F20001884279D0FFE70E9836
:1060A00041F60001C4F20001884200F09E80FFE743
:1060B0000E9841F60041C4F20001884200F09E8033
:1060C000FFE70E9842F20001C4F20001884200F09E
:1060D0009E80FFE70E9842F60041C4F2010188421B
:1060E00020D0FFE70E9843F20041C4F2010188423C
:1060F00057D0FFE70E9844F60041C4F201018842F0
:1061000058D0FFE70E9845F20001C4F20101884221
:1061100059D0FFE70E9845F20041C4F201018842D0
:106120005AD07DE040F20B300D90FFF719F90D9831
:10613000FFF702F975E04FF480600C90FFF710F95B
:106140000C98FFF7F9F86CE040F201400B90FFF774
:1061500007F90B98FFF7F0F863E040F202400A906D
:10616000FFF7FEF80A98FFF7E7F85AE040F203401D
:106170000990FFF7F5F80998FFF7DEF851E040F2D3
:1061800004400890FFF7ECF80898FFF7D5F848E0CE
:1061900040F205400790FFF7E3F80798FFF7CCF8C7
:1061A0003FE040F20D300690FFF7DAF80698FFF76F
:1061B000C3F836E040F213300590FFF7D1F80598A8
:1061C000FFF7BAF82DE04FF445700490FFF7C8F8D8
:1061D0000498FFF7B1F824E040F215300390FFF780
:1061E000BFF80398FFF7A8F81BE040F206400290C2
:1061F000FFF7B6F80298FFF79FF812E040F2074069
:106200000190FFF7ADF80198FFF796F809E04FF419
:1062100081600090FFF7A4F80098FFF78DF800E088
:10622000FFE710B080BD000081B0009000990868C1
:1062300020F00100086001B07047000081B00090BC
:106240000099086840F00100086001B07047000044
:1062500082B00190009100980088019988620198AD
:1062600042F60041C4F20101884225D0FFE70198BF
:10627000B0F1804F20D0FFE7019840F20041C4F216
:106280000001884218D0FFE7019840F60001C4F2EF
:106290000001884210D0FFE7019840F60041C4F2A7
:1062A0000001884208D0FFE7019843F20041C4F2A0
:1062B0000101884216D1FFE70199086820F07000BB
:1062C00008600098408800F0600201990868104357
:1062D00008600098808800F0100201990868104357
:1062E0000860FFE7009880680199C862019841F250
:1062F0000001C4F20001884216D0FFE7019841F284
:106300000041C4F2000188420ED0FFE701990868FD
:1063100020F4407008600098808900F44072019970
:10632000086810430860FFE7019842F60041C4F294
:106330000101884208D0FFE7019843F20041C4F20E
:106340000101884205D1FFE70098807B019908632D
:10635000FFE70199486940F00100486102B07047C9
:1063600080B584B00390ADF80A100192BDF80A0020
:1063700001460091032800F2BE800099DFE801F099
:10638000022F5E8C0399086A20F0010008620399CD
:10639000086A20F00A000862019802880399086AD6
:1063A000104308620399886920F00300886101980E
:1063B000428803998869104388610399886920F0AD
:1063C000F00088610198C2880399886940EA021048
:1063D00088610399086A40F0010008628CE0039923
:1063E000086A20F0100008620399086A20F0A000F3
:1063F0000862019802880399086A40EA021008625C
:106400000399886920F44070886101984288039953
:10641000886940EA022088610399886920F4704005
:1064200088610198C2880399886940EA02308861CE
:106430000399086A40F0100008625DE00399086A59
:1064400020F4807008620399086A20F420600862D2
:10645000019802880399086A40EA022008620399B9
:10646000C86920F00300C861019842880399C8698F
:106470001043C8610399C86920F0F000C861019811
:10648000C2880399C86940EA0210C8610399086A82
:1064900040F4807008622FE00399086A20F480506D
:1064A00008620399086A20F4005008620198028883
:1064B0000399086A40EA023008620399C86920F427
:1064C0004070C861019842880399C86940EA022077
:1064D000C8610399C86920F47040C8610198C288F6
:1064E0000399C86940EA0230C8610399086A40F418
:1064F0008050086200E0FFE70398BDF80A10019A97
:106500009288FFF71DFB04B080BD000082B00190AF
:106510000091009A0199C8689043C86002B0704722
:1065200082B001900091009A0199C8681043C86038
:1065300002B0704782B0019000910098C043019969
:10654000086102B07047000084B003900291039884
:10655000C0680299084001900398006902990842B6
:1065600007D0FFE7019820B1FFE701208DF8030075
:1065700003E000208DF80300FFE79DF8030004B05E
:106580007047000082B0019000910199486820F0A6
:1065900070004860009A019948681043486002B052
:1065A0007047000082B001908DF803109DF8030041
:1065B000012806D1FFE70199486C40F40040486487
:1065C00005E00199486C20F400404864FFE702B000
:1065D0007047000083B002900191ADF80220ADF841
:1065E00000300299886820F007008860019A0299BB
:1065F0008868104388600299886940F203329043AA
:1066000088610299886940F20112104388610299F9
:10661000086A20F00A0008620299086A20F0A000C7
:106620000862BDF80200BDF8001040EA01120299AC
:10663000086A1043086203B07047000081B0009000
:106640000099002008800099488000998880009A6D
:106650004FF6FF719160009988810099887301B0AD
:106660007047000080B5B6B0359034913599002060
:106670000390C870359A02211170359B4FF0A042EB
:10668000DA60359B08225A70359B04229A70359A3D
:106690001171359A012151713599887134980090A2
:1066A00005A80190BC210291F9F787FD0098019996
:1066B000029A359BDB680593359BDB6803F5006325
:1066C0000693359BDB6803F580630793359BDB6896
:1066D00003F588632393359BDB6803F5606333938D
:1066E000F9F752FD03988DF81300FFE79DF81300AA
:1066F0003599897888421FDAFFE73598C0689DF898
:10670000132000EB421000F51060349901EB820178
:10671000C8603598C0689DF8132000EB421000F562
:106720003060349901EB82014862FFE79DF8130065
:1067300001308DF81300D9E700208DF81200FFE733
:106740009DF812003599497888421FDAFFE735989D
:10675000C0689DF8122000EB421000F5A06034994B
:1067600001EB8201C8633598C0689DF8122000EBE8
:10677000023000F58050349901EB8201C867FFE7D1
:106780009DF8120001308DF81200D9E7002036B0D4
:1067900080BD000081B000900098807978B1FFE75B
:1067A000009840698068C00740B1FFE70098D0F8C2
:1067B000C810086820F003000860FFE7FFE701B099
:1067C0007047000080B584B0DDF818C003930292D2
:1067D000019100909DF8040001281ED1FFE7069862
:1067E0000168886B20F4803088639DF8050038B11B
:1067F000FFE706980168886B40F480108863FFE724
:1068000006980168C8684FF6BF72CFF6DF72104075
:10681000C860069800F028F823E006980168C86868
:1068200040F04000C860069800F01EF80698016825
:10683000886B40F45020886306980168886B40F4A8
:10684000001088639DF8050038B1FFE706980168DD
:10685000886B40F480108863FFE7142000F0C8F9CB
:10686000FFE7002004B080BD80B582B001900198A0
:106870000168086940F001000861FFE701980068BD
:106880000069C00708B1FFE7F8E7032000F09CFDAE
:1068900002B080BD81B000900098416B1820C6F214
:1068A0000800086101B0704782B001908DF80310B4
:1068B00001980168C86820F0C040C8609DF80300D6
:1068C00038B9FFE701980168C86840F08040C860A7
:1068D0000DE09DF80300012807D1FFE7019801684A
:1068E000C86840F00050C86000E0FFE7FFE702B072
:1068F0007047000081B0009000984169486820F01E
:106900000200486001B0704781B000900098416972
:10691000486840F00200486001B0704782B00190C2
:106920008DF8031001984169086820F4FE60086042
:106930009DF8032001984169086840EA0210086048
:1069400002B0704780B584B00390002001908DF8AC
:106950000B000399D1F8C8100860039841690868D2
:1069600020F4C050086003984169086808600398E3
:106970004169086820F003000860039841690868CD
:1069800040F00300086003981030802100F004FA02
:1069900001988DF80B00FFE79DF80B00032813D832
:1069A000FFE7039810309DF80B1040F20402C2F28A
:1069B000000232F8112000F0FBF9FFE79DF80B0010
:1069C00001308DF80B00E7E703981030102100F03C
:1069D000BBFC0398103000F0ABF90398416900202C
:1069E000086103994969486103994A694FF0FF3189
:1069F000916103994969C8618DF80B00FFE79DF823
:106A00000B0003998978884263DAFFE703989DF8C1
:106A10000B1000EB8100C0690068C00F58B1FFE7A0
:106A200003989DF80B1000EB8100C169086840F0E5
:106A30009040086008E003989DF80B1000EB81007F
:106A4000C16900200860FFE703989DF80B1000EB78
:106A50008100C1690020086103989DF80B1000EBCC
:106A60008100C169FF20886003989DF80B1000EB3E
:106A70008100406B0068C00F58B1FFE703989DF894
:106A80000B1000EB8100416B086840F090400860FB
:106A900008E003989DF80B1000EB8100416B00208B
:106AA0000860FFE703989DF80B1000EB8100416B35
:106AB0000020086103989DF80B1000EB8100416BEA
:106AC000FF208860FFE79DF80B0001308DF80B0078
:106AD00095E703984169086940F010000861039840
:106AE00000F004F8002004B080BD000081B00090E8
:106AF000009801694FF0FF304860009801696FF01D
:106B0000804048610098016940F60000C8F200002A
:106B100088610098C07838B9FFE7009801698869F2
:106B200040F010008861FFE700980169886943F22E
:106B30000802C0F23C0210438861002001B0704797
:106B400081B0009000980168886820F0010088609A
:106B500001B0704781B0009000980168886840F0EB
:106B60000100886001B0704782B0019001984069CF
:106B70008069009001984069C169009808400090C0
:106B8000009800F03F0002B07047000085B004900C
:106B90008DF80F1000200290049840690069009061
:106BA00004984069406B019001989DF80F10C8400F
:106BB00000F00101009840EAC110009004989DF88F
:106BC0000F1000EB8100C0698068009908400290B6
:106BD000029805B07047000080B54FF4A060FEF742
:106BE0000DF9432002210022FEF7C2F880BD00000B
:106BF00080B582B0019001980121FDF74BFA02B0F7
:106C000080BD000082B001900198406980690090C9
:106C100001984069C1690098084000900098C0F34D
:106C2000054002B07047000083B002908DF8071055
:106C300002989DF8071000EB8100406B806800907F
:106C4000029840694169009808400090009803B09C
:106C50007047000080B582B00020FEF745FA019031
:106C6000019846F60041C0F2DC2188420ED1FFE7D0
:106C700040F25C21C2F200010320088040F6DC41B2
:106C8000C2F200014FF48000086044E001984AF22B
:106C90000021C0F24A4188420DD1FFE740F25C2159
:106CA000C2F200010520088040F6DC41C2F200017A
:106CB000002008602EE001984DF60001C0F2B851A6
:106CC00088420ED1FFE740F25C21C2F200010720AA
:106CD000088040F6DC41C2F200014FF44000086039
:106CE00017E0019840F60061C0F2277188420ED18A
:106CF000FFE740F25C21C2F200010920088040F663
:106D0000DC41C2F200014FF40000086000E0FFE740
:106D1000FFE7FFE7FFE740F6DC40C2F20000006853
:106D2000FEF732FB40F20C50FEF7F2FA02B080BDE3
:106D300080B582B001900198016810200861FFE7DA
:106D4000019800680069C006002801D5FFE7F7E751
:106D5000032000F039FB002002B080BD85B0049014
:106D60000391ADF80A20BDF80A00033080080190B5
:106D70000498C06F0090FFE70198411E019140B157
:106D8000FFE70098006803990860039804300390B7
:106D9000F2E7039805B0704782B00190ADF8021099
:106DA000BDF8020001990968486202B0704700000E
:106DB00084B003908DF80B10ADF80820039800689C
:106DC000406A01909DF80B0048B9FFE7BDF8081034
:106DD000019840EA014003990968886233E003980A
:106DE0000068816A019800EB1140019000208DF845
:106DF0000300FFE79DF803009DF80B10013988425E
:106E000013D2FFE7039800689DF8031000EB8100A0
:106E1000D0F80411019800EB11400190FFE79DF8B4
:106E2000030001308DF80300E4E7BDF80810019875
:106E300040EA0140039909689DF80B2001EB8201AB
:106E4000C1F80001FFE704B07047000080B54FF4BF
:106E5000A060FDF7D3FF1D2001210022FDF788FF70
:106E600040F20170FEF754FA80BD000080B540F298
:106E70000040C4F200000121FFF766FBF0B1FFE71C
:106E800040F20040C4F200000121FFF753FB40F63E
:106E9000C020C2F20000006840B1FFE740F6C02108
:106EA000C2F2000108680138086006E040F20040C4
:106EB000C4F20000FFF7B8F9FFE7FFE780BD00006C
:106EC00086B00590049100200390029005994969CD
:106ED0008968C1F3410101910499097801F00F011A
:106EE0008DF8031004990978B0EBD11F0DD0FFE79E
:106EF00005989DF8031000EB8100C06903909DF890
:106F000003100120884002900EE005989DF80310C0
:106F100000EB8100406B03909DF8030000F110012D
:106F2000012088400290FFE70398006800040028D1
:106F30002FD4FFE7039908684FF60002CFF63342DB
:106F4000104008609DF8030058B9FFE7019949F621
:106F5000CC30C0F60000425C03990868104308601A
:106F600006E0049882880399086810430860FFE7E8
:106F70000498407880049DF8031040EA81500399FA
:106F80000A68104348F20002C1F200021043086090
:106F9000FFE7029A05984169C8691043C86100205B
:106FA00006B0704784B003900291002001900299CE
:106FB000097801F00F018DF8031002990978B0EB00
:106FC000D11F08D0FFE703989DF8031000EB810064
:106FD000C069019007E003989DF8031000EB810061
:106FE000406B0190FFE70199086820F400100860E9
:106FF00002984078032805D0FFE7029840780228DD
:1070000006D1FFE70199086840F080500860FFE76B
:10701000002004B07047000084B00390029100206B
:1070200001900299097801F00F018DF8031002997F
:107030000978B0EBD11F10D0FFE79DF803100120B5
:107040008840019003989DF8031000EB8100C1690E
:10705000086820F40040086011E09DF8030000F18A
:10706000100101208840019003989DF8031000EB67
:107070008100416B086820F400400860FFE7019A36
:1070800003984169C8699043C861002004B0704703
:1070900080B586B00590049100208DF80F0004980B
:1070A000007800F00F008DF80E0005989DF80E1086
:1070B00000EB8100C0690068029005989DF80E10F1
:1070C00000EB8100C06900690190019800F0604008
:1070D00001900498C06828B9FFE7019840F40020A7
:1070E000019035E09DF80E00B0B9FFE70499C8683B
:1070F0008988884204D2FFE70498C068009003E0C2
:10710000049880880090FFE700980499C86001986F
:1071100040F4002001900BE00499C8688988084475
:107120000138B0FBF1F1019840EAC1400190FFE75E
:107130000498C16801980843019004984078012898
:1071400005D1FFE7019840F000500190FFE7FFE70D
:10715000019805999DF80E2001EB8201C96908612B
:1071600004984078012812D1FFE7059840698068AB
:10717000000AC00728B1FFE7029840F08050029053
:1071800004E0029840F000500290FFE7FFE7029809
:1071900040F004400290029805999DF80E2001EB02
:1071A0008201C96908600598C07800BBFFE70498B0
:1071B0004078012810D0FFE70498C06858B1FFE775
:1071C0009DF80E10012000FA01F205984169486B04
:1071D00010434863FFE709E005981030049B996865
:1071E0009DF80E209B8900F0CBF8FFE7FFE79DF8A4
:1071F0000F0006B080BD000086B00590049100200D
:107200008DF80F000498007800F00F008DF80E0044
:1072100005989DF80E1000EB8100406B006802900D
:1072200005989DF80E1000EB8100406B00690190FD
:10723000019800F0604001900498C06820B1FFE719
:107240009DF80E0050B9FFE7049881880198084323
:107250000190019840F40020019014E00499C8685E
:10726000898808440138B0FBF1F00090009901983A
:1072700040EAC140019000980499898841430198EF
:1072800008430190FFE7019805999DF80E2001EB56
:107290008201496B08610498407801280FD1FFE70B
:1072A0000498C07828B1FFE7029840F0005002909F
:1072B00004E0029840F080500290FFE7FFE7029858
:1072C00040F004400290029805999DF80E2001EBD1
:1072D0008201496B08609DF80F0006B070470000FE
:1072E00084B003900291002001900299097801F086
:1072F0000F018DF8031002990978B0EBD11F13D05C
:10730000FFE703989DF8031000EB8100C06901902E
:1073100001980068C00F30B1FFE70199086840F09C
:1073200080400860FFE707E003989DF8031000EB3A
:107330008100406B0190FFE70199086840F400105C
:107340000860002004B0704780B582B001908DF8CD
:1073500003109DF80300800120300199096808613D
:10736000FFE70198006800698006002801D5FFE763
:10737000F7E7032000F028F8002002B080BD0000ED
:1073800085B0049003918DF80B20ADF80830BDF85E
:10739000080003308008019004989DF80B1000EB62
:1073A0008100C06F0090FFE70198411E019140B13C
:1073B000FFE7039800680099086003980430039081
:1073C000F2E7002005B0704780B582B001900198C7
:1073D0000221FCF75FFE02B080BD000080B582B0E4
:1073E00001908DF8031001989DF80310FFF796FAAD
:1073F00002B080BD80B584B002900191029890F8EF
:10740000CE0003280FD1FFE701980079012809D8A1
:10741000FFE70298D0F8B413CA68019990478DF835
:107420000F0004E0FFE701208DF80F00FFE79DF853
:107430000F0004B080BD000080B582B001900198BB
:10744000FFF758FA0320FFF7D3FB02B080BD00001E
:1074500080B582B00190019800F50E7000900198FF
:1074600000998A684B69002100F01AF9009948696F
:107470008988884205D9FFE70199032081F8AC0388
:1074800004E00199042081F8AC03FFE7002002B07A
:1074900080BD000080B582B001900198D03000908E
:1074A000019800998A684B69002100F01DF9009944
:1074B00048698988884205D9FFE70199012081F848
:1074C000AC0304E00199022081F8AC03FFE700203F
:1074D00002B080BD80B582B001900199062081F88C
:1074E000AC0301980023009319461A4600F0D8F81F
:1074F0000198FFF7CFF9009802B080BD80B582B047
:1075000001900199052081F8AC03019800230093B4
:1075100019461A4600F0E8F80198FFF7BBF9009801
:1075200002B080BD80B582B001900198FFF7ECF900
:107530000320FFF75DFB02B080BD000080B586B080
:10754000059004910598049901EB410100EBC100FD
:10755000D03001900199C8680969401A03900398D6
:1075600001998988884204D9FFE7019880880390AF
:10757000FFE70398033080080290FFE7059804991D
:1075800000EB8100C069806981B2029A00209142BB
:10759000009009D3FFE70198C26801690020914279
:1075A00038BF01200090FFE70098C007C0B3FFE795
:1075B0000199C8680969401A03900398019989885C
:1075C000884204D9FFE7019880880390FFE7039879
:1075D00003308008029005981030019989689DF861
:1075E0001020BDF80C30FFF7CBFE039A0199886894
:1075F00010448860039A0199086910440861019851
:10760000C168006988420AD1FFE70499012000FAA5
:1076100001F205984169486B90434863FFE7ADE785
:10762000012006B080BD000080B582B001900091BD
:107630000198802100F0D4F80198002100F0D0F8E2
:107640000198FFF727F902B080BD000080B584B033
:1076500003908DF80B109DF80B100020B0EBD11F9C
:107660000CD0FFE703989DF80B1001F07F0101EBB0
:10767000410100EBC100D03001900AE003989DF871
:107680000B1001EB410100EBC10000F50E70019001
:10769000FFE703980199FFF7BFFC002004B080BD0D
:1076A00080B586B005908DF813100392029305986B
:1076B0009DF8131001F07F0101EB410100EBC100C7
:1076C00000F50E7001900398019988600298019965
:1076D000C860019900200090086105980199FFF7A2
:1076E0008BFD009806B080BD80B586B005908DF802
:1076F00013100392029305989DF8131001F07F0177
:1077000001EB410100EBC100D030019003980199D9
:10771000886002980199C860019900200090086172
:1077200005980199FFF7B4FC009806B080BD0000F1
:1077300080B584B003900291029880788DF80300A0
:10774000029880886FF3DF20ADF800009DF80310E9
:107750000020B0EBD11F11D0FFE703989DF8031074
:1077600001F07F0101EB410100EBC100D03001903D
:107770000199087840F0800008700FE003989DF8A8
:10778000031001EB410100EBC10000F50E70019008
:107790000199087800F07F000870FFE79DF803204A
:1077A0000199087802F00F0200F0F0001044087010
:1077B000BDF80000019988800298C07800F00301AC
:1077C0004AF26440C0F6000050F821000199487068
:1077D00003980199FFF774FB002004B080BD0000FE
:1077E00080B584B003908DF80B10002001909DF8B7
:1077F0000B10B0EBD11F0CD0FFE703989DF80B10D6
:1078000001F07F0101EB410100EBC100D03001909C
:107810000AE003989DF80B1001EB410100EBC10059
:1078200000F50E700190FFE7019901208870039820
:107830000199FFF755FD002004B080BD80B584B0EC
:1078400003908DF80B10002001909DF80B10B0EB09
:10785000D11F0CD0FFE703989DF80B1001F07F01BA
:1078600001EB410100EBC100D03001900AE0039828
:107870009DF80B1001EB410100EBC10000F50E700B
:107880000190FFE70199002000908870039801990A
:10789000FFF788FB009804B080BD000080B586B07B
:1078A00005908DF813109DF81300002846D1FFE7CE
:1078B0000598D0300390059890F8AC0301460291EA
:1078C000012804D0FFE70298022809D034E0039988
:1078D0008A884869801A48610598FFF7DBFD2CE02B
:1078E000059890F8AD0360B1FFE705980023019378
:1078F00019461A46FFF7F8FE0198059981F8AD037D
:1079000019E0059890F8CE0003280DD1FFE70598FF
:10791000D0F8B403406930B1FFE70598D0F8B4134C
:1079200049698847FFE7FFE7039900204861059808
:10793000FFF7D0FDFFE700E0FFE714E0059890F8BF
:10794000CE0003280ED1FFE70598D0F8B403C06934
:1079500040B1FFE70598D0F8B413CA699DF8131039
:107960009047FFE7FFE7002006B080BD80B584B0F8
:1079700003900291019202980399C1F8B003019813
:107980000399C1F8B4030398D0F8B003C068C06885
:10799000FDF7ECFD0399D1F8B0034068C079C0F35E
:1079A000801081F8A003039800F11001FEF75AFE41
:1079B00003981030FFF7C4F8039B03F1100C18680C
:1079C00059689A68DB68EE46CEF800C0FEF7FAFE0A
:1079D0000398FFF7A7FD039810300021FEF764FF1E
:1079E0000398FEF7AFFF03981030FFF7B3F8039842
:1079F000FFF722FD0399012081F8CE0004B080BD7D
:107A000082B00190019840698068C0F341008DF810
:107A1000030001984169486820F48070486001982B
:107A20004169486840F48070486001980169C868FD
:107A300020F47050C8609DF803104AF2FA30C0F686
:107A40000000405C03280AD1FFE701990320087079
:107A500001980169C86840F41050C86009E00199B4
:107A60000220087001980169C86840F4A050C860FD
:107A7000FFE7019801694FF400504861012002B00E
:107A80007047000080B584B00390002002908DF80C
:107A900007000398FFF768F80290FFE70298D8B351
:107AA000FFE79DF80800C00760B3FFE703989DF863
:107AB0000710FFF76BF800900098C00770B1FFE760
:107AC00003989DF8071000EB8100C16901208860D0
:107AD00003989DF80710FFF7E1FEFFE70098000606
:107AE00000280ED5FFE703989DF80710FFF726FD45
:107AF00003989DF8071000EB8100C1698020886021
:107B0000FFE7FFE7FFE70298400802909DF80700B3
:107B100001308DF80700C1E7012004B080BD0000EE
:107B200080B584B00390002002908DF80700039880
:107B3000FFF768F80290FFE70298C8B3FFE79DF8E7
:107B40000800C00750B3FFE703989DF80710FFF740
:107B50006BF800900098C00770B1FFE703989DF89C
:107B6000071000EB8100416B0120886003989DF8AD
:107B7000071000F041FAFFE70098000700280CD535
:107B8000FFE7039800F090FA03989DF8071000EBC8
:107B90008100416B08208860FFE7FFE7FFE702985C
:107BA000400802909DF8070001308DF80700C3E7F8
:107BB000012004B080BD000010B592B01190119862
:107BC0004169486820F00100486011981030002198
:107BD0000391FFF7B9FB03981090FFE710981199F4
:107BE0008978884212D2FFE71198109900EB810042
:107BF000C169FF2088601199109A01EB8201496BDD
:107C00008860FFE7109801301090E7E7119841690C
:107C10004FF0FF308861119841694FF00110C86141
:107C20001198416909204861119841690120029029
:107C3000086111984169086820F4FE600860119895
:107C4000FEF728FE119801694FF4805048611199A0
:107C5000002000900F900E900D900C900B900A90C9
:107C60008DF8290040200190ADF82C000A980B9A5D
:107C70000C9BDDF834C0DDF838E00F9CC1F84C42B5
:107C8000C1F848E2C1F844C2C1F84032C1F83C2210
:107C9000C1F83802119800F50E71FFF711F9009A3A
:107CA00001981199099208920792069205920492FE
:107CB0009DF8103043F080038DF810308DF81120BE
:107CC000ADF814000498059A069BDDF81CC0DDF899
:107CD00020E0099CC1F8E440C1F8E0E0C1F8DCC054
:107CE000C1F8D830C1F8D420C1F8D000119800F103
:107CF000D001FFF7E5F80298119981F8CE0012B093
:107D000010BD000080B588B00790002006908DF867
:107D100017000490039007980169886920F010000B
:107D2000886107980069006A0390039800F00F00CB
:107D30008DF80B0007989DF80B1001EB410100EB4B
:107D4000C10000F50E7006900398C0F30A1004906D
:107D50000398C0F3C1308DF81700039800F4F011B8
:107D60004FF0FF3000EB51400146019105283CD80F
:107D70000199DFE801F003041B1C3A1D36E004986A
:107D800098B1FFE70798103006998968BDF8102070
:107D9000FEF7E4FF049A0699886810448860049A04
:107DA0000699086910440861FFE71FE01EE01DE026
:107DB000069800780007B8B9FFE70498082813D19F
:107DC000FFE79DF8170078B9FFE7079901F1100068
:107DD00001F56971BDF81020FEF7C0FF049A0699FD
:107DE000086910440861FFE700E0FFE707980169B0
:107DF000886940F010008861012008B080BD000053
:107E000080B582B00190019880798DF803000198C7
:107E10004069806800F001008DF80200019890F838
:107E2000CE000338B0FA80F040098DF801000198C7
:107E300090F8CE00019981F8CF000199042081F8D3
:107E4000CE009DF80300A0B1FFE79DF8020080B1CD
:107E5000FFE79DF8010060B1FFE70198D0F8C81076
:107E6000086840F00300086001200021FCF7F8FFDB
:107E7000FFE7019801694FF400604861012002B0FA
:107E800080BD000080B582B0019001980069406912
:107E900000F00100012800F0AC80FFE701980069C4
:107EA000406900900198006981690098084000903D
:107EB000009808B9FFE79CE09DF802000007002841
:107EC00004D5FFE70198FFF72BFEFFE79DF80200BE
:107ED0004007002804D5FFE70198FFF7D3FDFFE72F
:107EE0009DF801000007002804D5FFE70198FFF77F
:107EF00087FFFFE79DF803000006002813D5FFE782
:107F0000019890F8CE00042807D1FFE7019890F877
:107F1000CF00019981F8CE00FFE7019801694FF089
:107F200000404861FFE79DF800000007002811D5D8
:107F3000FFE70198D0F8B403406A30B1FFE7019839
:107F4000D0F8B413496A8847FFE70198016908200F
:107F50004861FFE79DF80000C006002804D5FFE750
:107F60000198FFF7CFFEFFE79DF80100C00600284B
:107F700004D5FFE70198FFF71FFEFFE79DF801001A
:107F80008006002804D5FFE70198FFF739FDFFE7D9
:107F90009DF80200C006002812D5FFE70198D0F82E
:107FA000B403806A30B1FFE70198D0F8B413896A4E
:107FB0008847FFE7019801694FF480104861FFE7A7
:107FC0009DF802008006002812D5FFE70198D0F83E
:107FD000B403C06A30B1FFE70198D0F8B413C96A9E
:107FE0008847FFE7019801694FF400104861FFE7F7
:107FF000FFE702B080BD000080B584B003908DF82B
:108000000B109DF80B00A8BBFFE7039800F50E705E
:108010000190039890F8AC0301460091032804D026
:10802000FFE70098042809D022E001998A8848696E
:10803000801A48610398FFF70BFA1AE0039890F84A
:10804000CE0003280DD1FFE70398D0F8B403806970
:1080500030B1FFE70398D0F8B41389698847FFE788
:10806000FFE70199002048610398FFF747FA00E015
:10807000FFE715E00398D0F8B403006A70B1FFE79A
:10808000039890F8CE00032808D1FFE70398D0F8B2
:10809000B4130A6A9DF80B10904700E0FFE7FFE772
:1080A000002004B080BD000080B586B0059001209E
:1080B0008DF813000599D1F8A403D1F8A813039102
:1080C00002909DF8080000F060000146019140B167
:1080D000FFE7019820280BD0FFE7019840280ED039
:1080E00014E0059802A900F037F88DF813000EE0AF
:1080F000059802A9FFF77EF98DF8130007E00598AF
:1081000002A900F039F88DF8130000E0FFE79DF8B0
:108110001300C0B9FFE7BDF80E0020B9FFE70598CE
:10812000FFF7ECF90EE09DF808000006002804D5E2
:10813000FFE70598FFF7AEF903E00598FFF788F928
:10814000FFE7FFE704E0059802A9FFF76DFAFFE7F4
:10815000002006B080BD000080B582B00190009183
:1081600000994A7840F20C00C2F2000050F8222038
:108170000198904702B080BD82B00190009100202C
:1081800002B0704781B002208DF8030040F27460A5
:10819000C2F20000036840F2E801C2F20001CA8B9B
:1081A0001A44A2EB9302026000688008888240F2C1
:1081B0007860C2F2000003684A8C1A44A2EB930272
:1081C000026000688008088340F26420C2F2000068
:1081D00003680A8C1A44A2EB9302026000688008CC
:1081E000C88240F26820C2F2000003688A8C1A44F8
:1081F000A2EB9302026000688008488301B07047D8
:1082000080B582B040F6B420C2F20000C0790146C9
:10821000019120B1FFE70198012825D029E1FAF763
:10822000A5FF40F23011C2F2000164208880C880AE
:108230000880488040F60040C4F201004FF400611D
:10824000FBF786FC40F26C61C2F20001002008805E
:1082500040F26E61C2F20001088040F6B421C2F221
:1082600000010120C87105E140F6B420C2F200000F
:10827000C078002840F08880FFE740F6B420C2F2C2
:1082800000008078C00730B9FFE7F9F7E5FC01206E
:10829000FAF728FFFFE740F6B421C2F200010120FF
:1082A000887040F23010C2F20000008840F68B2146
:1082B000884223DCFFE740F26C60C2F200000188D4
:1082C0000131018000886421484300F1640140F2DB
:1082D0003010C2F200000180008840F68C218842F4
:1082E0000BDBFFE740F23011C2F2000140F68C20B8
:1082F00008800120FAF718FFFFE71DE040F26E60EA
:10830000C2F20000018801310180008864214143EC
:1083100040F23010C2F200004180408840F68D21CA
:10832000884208DBFFE740F23011C2F2000140F65C
:108330008C204880FFE7FFE740F23010C2F20000D7
:10834000008840F68C2188421DD1FFE740F23010B2
:10835000C2F20000408840F68C21884213D1FFE72A
:1083600040F6B421C2F20001032088710020C871D8
:1083700040F26C61C2F20001088040F26E61C2F20C
:1083800000010880FFE773E040F6B420C2F200006D
:10839000C07801286BD1FFE740F6B420C2F200009C
:1083A0008078C00750B9FFE7F9F756FC012000902C
:1083B000FAF7BAFE0098FAF795FEFFE740F6B42107
:1083C000C2F200010120887040F23010C2F20000B9
:1083D000408840F6C311884221DCFFE740F26E601E
:1083E000C2F2000001880131018000883221484337
:1083F00000F1640140F23010C2F200004180408878
:1084000040F6C511884209DBFFE740F23011C2F2A5
:10841000000140F6C41048800880FFE7FFE740F203
:108420003010C2F20000008840F6C41188421DD10D
:10843000FFE740F23010C2F20000408840F6C4115D
:10844000884213D1FFE740F6B421C2F200010320B5
:1084500088710020C87140F26C61C2F2000108808E
:1084600040F26E61C2F200010880FFE7FFE7FFE71C
:1084700000E0FFE702B080BD80B5A8B040F6E04064
:10848000C2F20000006840F6D421C2F2000109687F
:10849000401AC72801D8FFE7FBE240F6E040C2F2ED
:1084A0000000006840F6D421C2F20001086040F6E6
:1084B000B420C2F2000040790146229150B1FFE79A
:1084C0002298012800F0E880FFE72298022800F0B7
:1084D0005D82D4E240F2E800C2F200000068F8F7E2
:1084E00064F841EC100B684680ED000B4AF27F7394
:1084F000C0F60003002108220846F8F751FF40F6B5
:10850000B420C2F20000407801280AD1FFE74AF205
:108510003D72C0F60002502000210823F9F7F8F957
:1085200009E04AF24D72C0F60002502000210823F3
:10853000F9F7EEF9FFE740F2E800C2F200008068C8
:10854000F8F733F841EC100B8DED200B40F6B4201A
:10855000C2F20000C07838B9FFE740F23010C2F232
:10856000000080881F9006E040F23010C2F2000048
:10857000C0881F90FFE79DED200B1F996846816022
:1085800080ED000B4AF20873C0F6000300201021B2
:108590000822F8F705FF40F6B420C2F20000C078C8
:1085A00050B9FFE74AF23172C0F60002582020218C
:1085B0000823F9F7ADF925E040F6B420C2F2000037
:1085C000C07801280AD1FFE74AF27372C0F60002B0
:1085D000582020210823F9F79BF912E040F6B42037
:1085E000C2F20000C07802280AD1FFE74AF23772CF
:1085F000C0F60002582020210823F9F789F9FFE787
:10860000FFE7FFE740F6B420C2F20000007950B95E
:10861000FFE74AF27A72C0F60002502030210823A8
:10862000F9F776F909E04AF22C72C0F60002502000
:1086300030210823F9F76CF9FFE740F2E800C2F2B5
:1086400000001B904068F7F7B0FF41EC100B684644
:1086500080ED000B4AF28A73C0F6000300201D90E3
:10866000202108221C92F8F79BFE1B98C068F7F7A0
:108670009CFF1C9A03461D981E930B461E9943ECC3
:10868000101B694681ED000B4AF22173C0F600030E
:108690003021F8F785FEF9E104208DF89F000820CD
:1086A0008DF89E0040F6B420C2F20000C078002889
:1086B00040F09780FFE74AF29573C0F6000300216F
:1086C0001991082218920846F8F76AFE40F2E8006D
:1086D000C2F2000017904068F7F767FF189A034648
:1086E000199816930B46169943EC101B694681EDB9
:1086F000000B4AF2C463C0F600031021F8F750FEE5
:108700001798C068F7F751FF189A034619981A93FB
:108710000B461A9943EC101B694681ED000B4AF297
:10872000DF63C0F600032021F8F73AFE40F6B420DC
:10873000C2F20000007928BBFFE74AF27A72C0F665
:10874000000220200021149108231393F9F7E0F888
:1087500040F28000C2F200008068F7F726FF139A0B
:108760000346149815930B46159943EC101B694664
:1087700081ED000B4AF2FA63C0F600033021F8F7EE
:108780000FFE2DE040F6B420C2F20000007901286F
:1087900025D1FFE74AF22C72C0F60002202000210A
:1087A000119108231093F9F7B3F840F28000C2F258
:1087B0000000C068F7F7F9FE109A0346119812936B
:1087C0000B46129943EC101B694681ED000B4AF2EF
:1087D000EC63C0F600033021F8F7E2FDFFE7FFE7A6
:1087E0009FE040F6B420C2F20000C078012840F0BB
:1087F0009780FFE74AF2A573C0F6000300210E91AF
:1088000008220D920846F8F7CBFD40F2E800C2F2CC
:1088100000000C900068F7F7C8FE0D9A03460E980A
:108820000B930B460B9943EC101B694681ED000B33
:108830004AF2B663C0F600031021F8F7B1FD0C98B8
:108840008068F7F7B2FE0D9A03460E980F930B4619
:108850000F9943EC101B694681ED000B4AF2D2637D
:10886000C0F600032021F8F79BFD40F6B420C2F2C9
:108870000000007928BBFFE74AF27A72C0F60002D6
:1088800020200021099108230893F9F741F840F2CC
:108890008000C2F200000069F7F787FE089A0346DD
:1088A00009980A930B460A9943EC101B694681ED1F
:1088B000000B4AF2FA63C0F600033021F8F770FDAE
:1088C0002DE040F6B420C2F200000079012825D145
:1088D000FFE74AF22C72C0F6000220200021069128
:1088E00008230593F9F714F840F28000C2F2000063
:1088F0004069F7F75AFE059A0346069807930B4618
:10890000079943EC101B694681ED000B4AF2EC63BA
:10891000C0F600033021F8F743FDFFE7FFE7FFE76C
:10892000FFE740F6B420C2F20000407801280AD1E7
:10893000FFE74AF27072C0F60002402000210823CF
:10894000F8F7E6FF09E04AF2AC72C0F600024020F8
:1089500000210823F8F7DCFFFFE740F6D820C2F239
:10896000000001784AF27850C0F6000050F821006B
:10897000F7F71BFE41EC100B6946082008605820F1
:10898000002101231A46F8F7DFFD7FE00020269042
:1089900025902490239040F6B840C2F20000007E5B
:1089A000C00740B1FFE74AF25D71C0F6000123A89D
:1089B000F7F70EFC4BE040F6B840C2F20000C07E74
:1089C000C00740B1FFE74AF24371C0F6000123A897
:1089D000F7F7FEFB3AE040F6B840C2F20000407EF6
:1089E000C00740B1FFE74AF25471C0F6000123A866
:1089F000F7F7EEFB29E040F6B840C2F20000807EB7
:108A0000C00740B1FFE74AF26771C0F6000123A832
:108A1000F7F7DEFB18E040F6B840C2F20000007F36
:108A2000C00740B1FFE74AF2AE71C0F6000123A8CB
:108A3000F7F7CEFB07E04AF21871C0F6000123A851
:108A4000F7F7C6FBFFE7FFE7FFE7FFE7FFE769464A
:108A500023A808604AF29B73C0F60003002003902D
:108A6000102108220492F8F79BFC0398049A4AF21A
:108A70008E63C0F600032021F8F792FC06E040F672
:108A8000B421C2F2000100204871FFE7F8F76CFF43
:108A9000FFE728B080BD000080B588B003AA00922F
:108AA0000246009806928DF8171080ED010A06988C
:108AB0000068039040F6B440C2F20000007801461E
:108AC000019120B1FFE70198012826D06EE09DF8C2
:108AD000170008B3FFE7009890ED010A90ED001A27
:108AE0000020B4EE410AF1EE10FAC8BF01208DF863
:108AF0000B009DF80B00C00768B1FFE740F6B441DA
:108B0000C2F200010120087040F6B041C2F200013B
:108B100000200860FFE7FFE748E09DF81700002805
:108B200043D0FFE7009890ED010A90ED001A002075
:108B3000B4EE410AF1EE10FAC8BF01208DF80A0028
:108B40009DF80A00C00700B3FFE740F6B040C2F24C
:108B500000000168013101600068152814DBFFE79F
:108B600040F6B041C2F200010020086040F6B44176
:108B7000C2F200010870069901200876FCF744FA59
:108B800002208DF81F0015E00EE040F6B041C2F261
:108B900000010020086040F6B441C2F200010870F4
:108BA00001208DF81F0005E0FFE7FFE700208DF8AA
:108BB0001F00FFE79DF81F0008B080BD80B588B09A
:108BC00003AA00920246009806928DF8171080EDD5
:108BD000010A06984068039040F69C40C2F20000EB
:108BE00000780146019120B1FFE70198012826D0C5
:108BF0006EE09DF8170008B3FFE7009890ED010ABA
:108C000090ED001A0020B4EE410AF1EE10FAC8BF50
:108C100001208DF80B009DF80B00C00768B1FFE73D
:108C200040F69C41C2F200010120087040F69841D4
:108C3000C2F2000100200860FFE7FFE748E09DF86E
:108C40001700002843D0FFE7009890ED010A90ED4F
:108C5000001A0020B4EE410AF1EE10FAC8BF01205C
:108C60008DF80A009DF80A00C00700B3FFE740F640
:108C70009840C2F2000001680131016000681528C7
:108C800014DBFFE740F69841C2F2000100200860C3
:108C900040F69C41C2F20001087006990120487616
:108CA000FCF7B2F902208DF81F0015E00EE040F647
:108CB0009841C2F200010020086040F69C41C2F2D7
:108CC0000001087001208DF81F0005E0FFE7FFE7B5
:108CD00000208DF81F00FFE79DF81F0008B080BD41
:108CE00080B588B003AA00920246009806928DF8DB
:108CF000171080ED010A06988068039040F6A440A2
:108D0000C2F2000000780146019120B1FFE701980E
:108D1000012826D06EE09DF8170008B3FFE7009801
:108D200090ED010A90ED001A0020B4EE410AF1EE38
:108D300010FAB8BF01208DF80B009DF80B00C0079A
:108D400068B1FFE740F6A441C2F2000101200870BB
:108D500040F6A041C2F2000100200860FFE7FFE7F3
:108D600048E09DF81700002843D0FFE7009890EDF9
:108D7000010A90ED001A0020B4EE410AF1EE10FA5B
:108D8000B8BF01208DF80A009DF80A00C00700B3A3
:108D9000FFE740F6A040C2F2000001680131016027
:108DA0000068152814DBFFE740F6A041C2F200017D
:108DB0000020086040F6A441C2F200010870069944
:108DC00001208876FCF720F902208DF81F0015E0BD
:108DD0000EE040F6A041C2F200010020086040F61B
:108DE000A441C2F20001087001208DF81F0005E0C7
:108DF000FFE7FFE700208DF81F00FFE79DF81F0049
:108E000008B080BD80B586B004908DF80F108DED50
:108E1000020A0498C068019040F6AC40C2F200001B
:108E200000780146009120B1FFE7009801281CD08E
:108E300059E09DF80F00B8B1FFE79DED020A9DEDE6
:108E4000011AB4EE410AF1EE10FA0DDDFFE740F62B
:108E5000AC41C2F200010120087040F6A841C2F204
:108E6000000100200860FFE73DE09DF80F0050B3CF
:108E7000FFE79DED020A9DED011AB4EE410AF1EE05
:108E800010FA20DDFFE740F6A840C2F200000168BA
:108E9000013101600068152814DBFFE740F6A841A6
:108EA000C2F200010020086040F6AC41C2F20001AD
:108EB000087004990120C876FCF7A6F802208DF806
:108EC000170014E00EE040F6A841C2F200010020B5
:108ED000086040F6AC41C2F20001087001208DF834
:108EE000170004E0FFE700208DF81700FFE79DF86A
:108EF000170006B080BD00BF80B586B004908DF825
:108F00000F108DED020ACDED010A40F69440C2F239
:108F1000000000780146009120B1FFE70098012889
:108F200028D071E09DF80F0018B3FFE79DED020A0D
:108F3000049890ED051AB4EE410AF1EE10FA18DA31
:108F4000FFE79DED010A049890ED041AB4EE410A82
:108F5000F1EE10FA0DDDFFE740F69441C2F2000198
:108F60000120087040F69041C2F200010020086024
:108F7000FFE749E09DF80F00B0B3FFE79DED020A5F
:108F8000049890ED051AB4EE410AF1EE10FA2BDACE
:108F9000FFE79DED010A049890ED041AB4EE410A32
:108FA000F1EE10FA20DDFFE740F69040C2F200003B
:108FB0000168013101600068062814DBFFE740F614
:108FC0009041C2F200010020086040F69441C2F2D4
:108FD00000010870049901200877FCF715F80220B9
:108FE0008DF8170014E00EE040F69041C2F2000147
:108FF0000020086040F69441C2F200010870012090
:109000008DF8170004E0FFE700208DF81700FFE758
:109010009DF8170006B080BD81B000900099002037
:10902000086200994862009988620099C8620099B4
:109030000863009948630099012081F8380001B065
:10904000704700BF88B007908DED060ACDED050A88
:109050008DED041A9DED060A9DED051A30EE410ACC
:109060008DED030A0799486A88620799086A486281
:10907000039807990862079890ED012A90ED0B1A62
:109080009DED030A20EE020A9DED042A20EE020A5D
:1090900030EE010A8DED020A079890F83900C007FA
:1090A00000B3FFE79DED020A079890ED031AB4EEB6
:1090B000410AF1EE10FA04DDFFE70798C06802905C
:1090C0000FE09DED020A079890ED041AB4EE410AF4
:1090D000F1EE10FA04DAFFE7079800690290FFE763
:1090E000FFE7FFE79DED030A079890ED091A30EEC0
:1090F000410A9DED041A80EE010A8DED010A0798E0
:1091000090ED070A90ED0C2AB7EE001A31EE401AE6
:109110009DED013A21EE031A20EE020A30EE010A1B
:1091200080ED0C0A07989DED034A9DED023A90ED03
:10913000001A90ED020A90ED0C2A21EE041A31EE8D
:10914000031A20EE020A30EE010A8DED000A9DEDB1
:10915000000A079890ED051AB4EE410AF1EE10FAF4
:1091600016DDFFE7079840690090079890F83900EE
:10917000C00760B1FFE79DED030AB5EE400AF1EECE
:1091800010FA04DDFFE70798C06A0290FFE721E0CC
:109190009DED000A079890ED061AB4EE410AF1EE33
:1091A00010FA16DAFFE7079880690090079890F8A0
:1091B0003900C00760B1FFE79DED030AB5EE400A34
:1091C000F1EE10FA04DAFFE70798C06A0290FFE7B1
:1091D000FFE7FFE702980799C8620098079948637C
:1091E0009DED000A08B0704737B514460846064B97
:1091F0006A46214600F04EF904466946002000F018
:10920000E0FC20463EBD0000C39B000800000000BB
:1092100010B52DED020B2DED088B84B09DED0C0BE0
:1092200051EC100BF7F7AAFA41EC180B9DED0C0B63
:1092300053EC182B51EC100BF7F774F841EC190BA9
:109240000D989FED290B10F0004F53EC102B51ECB3
:10925000190B9FED21AB9FED22BB0ED0F7F7EAFA79
:109260000ED953EC1B2B51EC190BF7F7FBFA1CD260
:1092700014E000BF41EC180B17E0F7F7DBFA06D259
:1092800053EC1A2B51EC180BF7F74CF8F2E753ECB0
:109290001B2B51EC190BF7F7E5FA06D853EC1A2BF8
:1092A00051EC180BF6F79DFFE4E78DED028B9DED79
:1092B0000C0B18EE901A10EE900A8DED000B61F376
:1092C0001E0003909DED020B04B0BDEC088B02B0B4
:1092D00010BD000000000000000000000000F03F92
:1092E000000000000000E03F000000000000E0BFC0
:1092F00002E008C8121F08C1002AFAD1704770475F
:10930000002001E001C1121F002AFBD170470000BC
:109310002DE9FF5F82B00021DDE90430020DDDF8A8
:1093200040B0034318D044F61050A2F2FF3242433B
:109330001514119801281FD0A5EB0B00401C5FEA03
:10934000000A4FF000064E4FDFF83891B046504605
:1093500015D5CAF1000413E0119801244AA301288D
:1093600001D16FEA0B010298119AC0E90031C0E9FE
:10937000024206B0BDE8F09FCBF10000DFE70446F3
:109380000021404A491842EB0450CDE9001012E098
:10939000E00707D032463B4640464946F6F7C8FF4D
:1093A0008046894632463B4610461946F6F7C0FFCE
:1093B00006460F466410002CEAD1DDE90401DDE920
:1093C0000023BAF1000F06DAF6F7B2FF42464B4629
:1093D000F6F7AEFF05E0F7F71DF842464B46F7F704
:1093E00019F804460E460022284BF7F73BFA03D83B
:1093F0004FF0FF30014607E00022254B2046314662
:10940000F6F7EFFEF7F7FEF9102409E0002C0ADB6F
:109410000A220023F7F7F2F8039B30321A55641E34
:1094200050EA0102F2D1641C039AC4F111031444FE
:10943000119A012A03D0012208430DD10AE0084302
:1094400004D000204FF0110B119072E7A3EB0B0535
:109450006D1E0DE05B4504DD4FF0000205F10105D6
:1094600004E003DA4FF00002A5F10105002AECD078
:1094700002981199C0E90231C0E9004579E700007E
:10948000000014400000F03F300000000000F043F6
:109490000000E03F2DE9FF4F95B09B468946064608
:1094A00000250FE2252877D100242746F84A01211C
:1094B000059400E0044316F8013F203B01FA03F055
:1094C0001042F7D130782A2811D06FF02F0330786E
:1094D000A0F13002092A16D8059A44F0020402EBE2
:1094E000820203EB42021044761C0590EFE759F824
:1094F000042B0592002A03DA504244F400540590EC
:1095000044F00204761C30782E2816D116F8010F8C
:1095100044F004042A280DD06FF02F023078A0F117
:109520003003092B09D807EB870302EB4303C71865
:10953000761CF3E759F8047B761C30786C280FD042
:1095400006DC4C2817D068280DD06A2814D104E016
:10955000742810D07A280FD10DE044F400140AE0EA
:1095600044F4801401E044F440147278824202D141
:1095700004F58014761C761C307866280BD013DC3A
:10958000582877D009DC002875D04528F6D0462821
:10959000F4D047281AD19DE118E0632835D064281B
:1095A00079D0652812D195E1702873D008DC67283E
:1095B000F1D069286FD06E280DD06F2806D1B5E0A4
:1095C00073282CD0752875D0782874D05A461799EE
:1095D00090476D1C75E1C4F30250022809D003289E
:1095E0000DD0D9F8001004280DD00D6009F1040940
:1095F00067E1D9F80010EA17C1E90052F6E7D9F897
:1096000000100D80F2E70D70F0E719F8041B8DF8DB
:10961000001000208DF80100EA46012003E059F80F
:1096200004AB4FF0FF3061074FF0000102D40DE0B2
:1096300008F101018846B9420FDA8045F8DB1AF8D3
:1096400008100029F4D108E008F1010188468142A0
:10965000FADB1AF808100029F6D105985B46A0EB52
:10966000080721463846179A00F094FA284400EB80
:10967000080507E04DE029E10DE01AF8010B5A4614
:1096800017999047B8F10108F7D25B462146384652
:10969000179A13E142E00A220092C4F302524FF0FB
:1096A000000A022A08D059F804CB032A4FEAEC71C9
:1096B0000AD00DE029E02AE009F1070121F00702B4
:1096C000F2E802C1914609E00FFA8CFC4FEAEC7116
:1096D000042A03D14FFA8CFC4FEAEC71002907DA17
:1096E0000A460021DCF1000C61EB02012D2202E0B0
:1096F000220504D52B228DF80420012203E0E20785
:1097000001D02022F7E7904659E00A2102E010221A
:109710000DE010214FF0000A00910BE010224FF0F5
:10972000000A44F004040827009203E008224FF0E6
:10973000000A0092C4F30252022A05D059F804CB61
:109740000021032A08D009E009F1070121F00702EE
:10975000F2E802C1914605E01FFA8CFC042A01D10F
:109760000CF0FF0C4FF00008220728D5702806D017
:10977000009B83F0100353EA0A0305D00EE0402259
:109780008DF80420012208E05CEA010206D03022B4
:109790008DF804208DF8050002229046009B83F08E
:1097A000080353EA0A030AD15CEA010201D1620705
:1097B00005D530228DF804204FF001087F1E58286F
:1097C00004D034A003900EA802900DE036A0F9E773
:1097D00053466046009AF6F711FF84460398825C70
:1097E0000298401E029002705CEA0100F0D10298DB
:1097F00006A9081A00F1200A600702D524F4803473
:1098000000E00127574502DDA7EB0A0000E0002039
:1098100000EB0A01009005984144401A0590E003CE
:1098200006D45B462146179A059800F0B3F9054423
:10983000002706E001A85A46C05D179990476D1CA5
:109840007F1C4745F6DBE0030CD55B462146179AA3
:10985000059800F09FF9054404E030205A46179916
:1098600090476D1C0099481E00900029F5DC08E027
:10987000029802995A460078491C0291179990471C
:109880006D1CBAF10001AAF1010AF1DC65E10000EA
:1098900009280100303132333435363738396162C6
:1098A000636465660000000030313233343536378A
:1098B00038394142434445460000000000F058F961
:1098C0000544761C307800287FF4ECAD19B02846AA
:1098D000BDE8F08F620700D4062709F1070222F0E5
:1098E000070CFCE80223E14603F000485FEA080C9D
:1098F00002D00FF2702C0DE05FEA045C02D50FF28B
:10990000682C07E05FEAC47C02D00FF2602C01E013
:10991000AFF2700C4FF0FF3823F00043CDF850C089
:1099200065280CD006DC452809D046281DD04728DC
:109930003DD13DE0662818D067287ED138E000216F
:10994000112F01DB112000E0781CCDE9000106A9F0
:109950000EA8FFF7DDFCDDE90F010E9A039100214F
:10996000009207F1010A04914DE04FF0004000978A
:10997000CDE9011006A90EA8FFF7CAFCDDE90F0228
:1099800003920E9B11990022DDF80CA00093049223
:1099900011B9791C00EB010AB7EB0A0004D4C0F13D
:1099A000FF3007F1010A0490AAEB0700019044E0A0
:1099B000012F00DA01270021112F01DD112000E025
:1099C0003846CDE9000106A90EA8FFF7A1FCDDE9A4
:1099D0000F010E9A0391002104910092BA462107CB
:1099E0000CD40399514500DA8A46BAF1010F05DD1E
:1099F000009AAAF10101515C302908D0B84202DA7C
:109A000010F1040F06DA0121CDE9011015E0AAF1E9
:109A10000101E9E7002805DC049901440491AAEB5F
:109A2000000102E0411C514500DD8A460499401ABC
:109A3000401C01904FF000400290200704D4019890
:109A4000504501DBCDF8048000208DF84F000298CE
:109A50000DF14F07B0F1004F25D02B200E9002984A
:109A60004FF0020800280CDA404202902D200E90A0
:109A700007E00A210298F6F7ABFD3031029007F8B3
:109A8000011DB8F10001A8F10108F2DC02980028DC
:109A9000EFD1791E0E980870307800F0200040F069
:109AA000450007F8020D12A8C01B00F10708149822
:109AB000007800B1012000EB0A01019801EBE07190
:109AC00005984144401A401E0590E00306D45B46C9
:109AD0002146179A059800F05DF80544149800781F
:109AE00018B15A46179990476D1CE00324D55B4680
:109AF0002146179A059800F04DF805441CE004989B
:109B0000002807DBDDE90301884203DD0098405CA3
:109B1000179901E0179930205A469047049805F1AB
:109B20000105401C04900198401E019004D12E2094
:109B30005A46179990476D1CBAF10001AAF1010A23
:109B4000DDDC05E017F8010B5A46179990476D1CAC
:109B5000B8F10001A8F10108F4DC5B462146179A30
:109B60000598ABE62D0000002B000000200000004F
:109B70002DE9F041044600251E461746880404D40A
:109B800005E039462020B0476D1C641EF9D52846F3
:109B9000BDE8F0812DE9F041044600251E469046BF
:109BA000C80301D5302700E02027880404D505E04C
:109BB00041463846B0476D1C641EF9D52846BDE8BD
:109BC000F0810A68531C0B6010707047000003009E
:109BD0000000000000000000002F0000000007004F
:109BE000070000147F147F1400242A7F2A12002308
:109BF0001308646200364955225000000007000037
:109C000000001C224100000041221C000014083EFC
:109C100008140008083E0808000000A060000008C2
:109C20000808080800006060000000201008040216
:109C3000003E5149453E0000427F400000426151D4
:109C40004946002141454B31001814127F1000276E
:109C500045454539003C4A49493000017109050331
:109C600000364949493600064949291E0000363662
:109C700000000000563600000008142241000014C5
:109C800014141414000041221408000201510906A2
:109C9000003E4955592E007C1211127C007F494923
:109CA0004936003E41414122007F4141221C007F54
:109CB00049494941007F09090901003E4149497A62
:109CC000007F0808087F0000417F410000204041DC
:109CD0003F01007F08142241007F40404040007F48
:109CE000020C027F007F0408107F003E4141413E8C
:109CF000007F09090906003E4151215E007F0919D4
:109D000029460046494949310001017F0101003FD0
:109D10004040403F001F2040201F003F4038403F50
:109D200000631408146300070870080700615149B4
:109D3000454300007F41410000020408102000005C
:109D400041417F00000402010204004040404040C5
:109D5000000001020400002054545478007F48445D
:109D6000443800384444442000384444487F003894
:109D70005454541800087E0901020018A4A4A47CBD
:109D8000007F080404780000447D40000040808487
:109D90007D00007F102844000000417F4000007CCF
:109DA00004180478007C08040478003844444438DB
:109DB00000FC242424180018242418FC007C080427
:109DC000040800485454542000043F444020003C00
:109DD0004040207C001C2040201C003C4030403C87
:109DE000004428102844001CA0A0A07C0044645417
:109DF0004C440000087F41000000007F000000008C
:109E0000417F08000008040810080000000000005E
:109E100000000000000000000000000000F800004A
:109E20000000000000333000000000160E00160E87
:109E30000000000000000000000040C07840C07832
:109E40004000043F04043F040400007088FC083014
:109E50000000001820FF211E0000F008F000E018AC
:109E6000000000211C031E211E0000F00888700065
:109E700000001E21232419272110000000160E00C7
:109E800000000000000000000000000000E01804D6
:109E90000200000000071820400000020418E00043
:109EA00000000040201807000000404080F0804083
:109EB00040000202010F01020200000000F0000059
:109EC00000000101011F010101000000000000006D
:109ED000000000B070000000000000000000000062
:109EE000000000010101010101010000000000006B
:109EF0000000003030000000000000000000806022
:109F00001804006018060100000000E010080810A6
:109F1000E000000F102020100F00001010F80000CB
:109F200000000020203F2020000000700808088862
:109F30007000003028242221300000300888884832
:109F400030000018202020110E000000C02010F862
:109F5000000000070424243F240000F80888880833
:109F600008000019212020110E0000E01088881838
:109F70000000000F112020110E0000380808C8381A
:109F800008000000003F00000000007088080888FA
:109F90007000001C222121221C0000E01008081083
:109FA000E0000000312222110F00000000C0C000BC
:109FB00000000000003030000000000000C0C000C1
:109FC0000000000080B07000000000008040201001
:109FD00008000001020408102000404040404040BA
:109FE000400004040404040404000008102040801D
:109FF0000000002010080402010000704808080852
:10A00000F0000000003036010000C030C828E81021
:10A01000E0000718272423140B000000C038E000DC
:10A020000000203C23020227382008F88888887026
:10A030000000203F202020110E00C0300808080832
:10A040003800071820202010080008F80808081019
:10A05000E000203F202020100F0008F88888E80842
:10A060001000203F20202320180008F88888E808E6
:10A070001000203F200003000000C030080808380E
:10A08000000007182020221E020008F8080000081F
:10A09000F808203F210101213F20000808F80808A6
:10A0A00000000020203F2020000000000808F808E1
:10A0B0000800C08080807F00000008F888C0281851
:10A0C0000800203F20012638200008F80800000082
:10A0D0000000203F20202020300008F8F800F8F889
:10A0E0000800203F003F003F200008F830C0000873
:10A0F000F808203F200007183F00E010080808106B
:10A10000E0000F10202020100F0008F808080808B1
:10A11000F000203F210101010000E01008080810B4
:10A12000E0000F18242438504F0008F888888888E9
:10A130007000203F2000030C3020007088080808C1
:10A1400038000038202121221C00180808F80808CF
:10A1500018000000203F2000000008F80800000858
:10A16000F808001F202020201F000878880000C861
:10A170003808000007380E010000F80800F8000851
:10A18000F800033C0700073C03000818688080685B
:10A19000180820302C03032C30200838C800C83899
:10A1A00008000000203F2000000010080808C83800
:10A1B00008002038262120201800000000FE02029E
:10A1C00002000000007F40404000000C30C0000052
:10A1D0000000000000010638C00000020202FE007C
:10A1E0000000004040407F000000002010080408EC
:10A1F000102000000000000000000000000000002F
:10A200000000808080808080808000020408000040
:10A21000000000000000000000000000808080803E
:10A2200000000019242222223F2008F8008080002C
:10A230000000003F112020110E00000000808080EF
:10A240000000000E112020201100000000808088F6
:10A25000F800000E112020103F2000008080808038
:10A260000000001F222222221300008080F0888834
:10A2700088180020203F202000000000808080807F
:10A280008000006B94949493600008F800808080B4
:10A290000000203F210000203F200080989800000F
:10A2A00000000020203F202000000000008098983F
:10A2B000000000C08080807F000008F800008080DF
:10A2C0008000203F24022D302000000808F8000004
:10A2D00000000020203F20200000808080808080BF
:10A2E0008000203F20003F20003F008080008080D1
:10A2F000000000203F2100203F200000808080805F
:10A300000000001F202020201F008080008080008F
:10A31000000080FFA12020110E000000008080803E
:10A320008000000E112020A0FF80808080008080AF
:10A33000800020203F2120000100000080808080DC
:10A3400080000033242424241900008080E08080D1
:10A3500000000000001F202000008080000000801E
:10A360008000001F202020103F208080800000807F
:10A37000808000010E30080601008080008000808F
:10A3800080800F300C030C300F0000808000808034
:10A3900080000020312E0E3120008080800000805F
:10A3A000808080818E70180601000080808080800F
:10A3B00080000021302C2221300000000000807C31
:10A3C000020200000000003F404000000000FF00CB
:10A3D000000000000000FF0000000002027C80007E
:10A3E00000000040403F000000000080404080002E
:10A3F00000800000000000010100030201020902C8
:10A400004300020100803209040000010202010041
:10A410000524001001052401000104240202052482
:10A420000600010705820308000A09040100020A68
:10A4300000000007050302400000070581024000FC
:10A4400000001201000202000040E9288A01000118
:10A450000102030100000000000020400000000095
:10A460000000A04000000000010000000200000009
:10A470000300000016034700690067006100440004
:10A4800065007600690063006500000000000000C0
:10A4900000000000000000000000000000000000BC
:10A4A00000000000000000000000000000000000AC
:10A4B000000000000000000000000000000000009C
:10A4C000000000000000000000000000000000008C
:10A4D000000000000000000000000000000000007C
:10A4E000000000000000000000000000000000006C
:10A4F000000000000000000000000000000000005C
:10A50000000000000000000000000000000000004B
:10A51000000000000000000000000000000000003B
:10A52000000000000000000000000000000000002B
:10A53000000000000000000000000000000000001B
:10A54000000000000000000000000000000000000B
:10A5500000000000000000000000000000000000FB
:10A5600000000000000000000000000000000000EB
:10A570000000000000000000CDCCCC3DCDCC4C3E16
:10A580000000003F0000803F000000401A03470029
:10A590004400330032002D004300440043005F00BC
:10A5A000410043004D0000000000000000000000DA
:10A5B000000000000000000000000000000000009B
:10A5C000000000000000000000000000000000008B
:10A5D000000000000000000000000000000000007B
:10A5E000000000000000000000000000000000006B
:10A5F000000000000000000000000000000000005B
:10A60000000000000000000000000000000000004A
:10A61000000000000000000000000000000000003A
:10A62000000000000000000000000000000000002A
:10A63000000000000000000000000000000000001A
:10A64000000000000000000000000000000000000A
:10A6500000000000000000000000000000000000FA
:10A6600000000000000000000000000000000000EA
:10A6700000000000000000000000000000000000DA
:10A6800000000000000000000000000000007072E8
:10A69000657373204B3109006B657920312070722E
:10A6A00065737365640A006B65792032207072658A
:10A6B000737365640A0056783A25302E3266562048
:10A6C0002020200056793A25302E32665620202050
:10A6D000200049783A25302E32664120202000495A
:10A6E000793A25302E326641202020004973657466
:10A6F0003A25302E316641202000567365743A2584
:10A70000302E31665620200049783A25302E3266A8
:10A7100041202025642020004E6F726D616C202046
:10A720000049793A25302E326641200020434320EB
:10A73000004255434B20004F50454E2000205255BB
:10A740004E2000564F5554204F4350200020535464
:10A750004F50200056494E204F56502000564F551E
:10A7600054204F5650200056494E20555650200038
:10A77000522000424F4F5354200020435620005691
:10A78000783A25302E326656200056793A25302EFA
:10A7900032665620004275636B2000204572723A83
:10A7A0002025732000426F6F7374200053004C50BB
:10A7B0002053484F52540000C8A7000874A4000852
:10A7C0008CA500084C01002004030904000070411E
:10A7D0000000D841000080400000804100A800082F
:10A7E0000000002060020000C4080008A8A80008BB
:10A7F00060020020881200000093000800000000A2
:10A8000068000E27074000802F61230008252000E4
:10A8100008A924000851262C08A9240008B5240002
:10A820000861212C0845260008ED20000829254F45
:10A8300008F92200080D27000879270008FF9DADC0
:10A840002E0008212E0008512F0008DD992D000848
:10A85000492E00081D2F00085942A40008FEA3003D
:10A86000080537B8A70008F3803F73803F53803F47
:10A870004ACDCC4C3DCDCC4C3E014278023601F362
:10A88000803F53803F0B136400640064006400AA9F
:10A890005503FF1A03514E01200008D51F000885FB
:08A8A00027000805000000007C
:04000005080001519D
:00000001FF
